date,VIXCLS,INDPRO,AAA,CPIAUCSL,FEDFUNDS,USREC,tightening,monthly_return,monthly_return_original,CPIAUCSL_log,FEDFUNDS_log,VIXCLS_log
2000-01-01,24.95,91.4092,7.78,169.3,5.45,0,0,-0.04175314453406476,-0.04175314453406476,5.13167228913909,1.6956156086751528,3.2168738221975275
2000-02-01,23.37,91.7245,7.68,170,5.73,0,1,-0.03041268197985214,-0.03041268197985214,5.135798437050262,1.7457155307266483,3.1514531485507664
2000-03-01,24.11,92.083,7.68,171,5.85,0,1,0.08656531712137117,0.08656531712137117,5.14166355650266,1.766441661243765,3.1826266921930797
2000-04-01,26.2,92.6659,7.64,170.9,6.02,0,1,-0.03555178259443659,-0.03555178259443659,5.141078590121546,1.7950872593207297,3.265759410767051
2000-05-01,23.65,92.9347,7.99,171.2,6.27,0,1,-0.03245361785395029,-0.03245361785395029,5.1428324637076415,1.8357763546448294,3.1633631149379418
2000-06-01,19.54,93.0018,7.67,172.2,6.53,0,1,0.00399632578324826,0.00399632578324826,5.14865659199363,1.8764069432883397,2.972463646614637
2000-07-01,20.74,92.8373,7.65,172.7,6.54,0,1,-0.02634163206094597,-0.02634163206094597,5.1515559851526325,1.8779371654691073,3.032064202801381
2000-08-01,16.84,92.591,7.55,172.7,6.5,0,0,0.0553369581225227,0.0553369581225227,5.1515559851526325,1.8718021769015913,2.8237570088141806
2000-09-01,20.57,92.9827,7.62,173.6,6.52,0,1,-0.05540614865066617,-0.05540614865066617,5.15675380222625,1.8748743759385615,3.0238337036648657
2000-10-01,23.63,92.64,7.55,173.9,6.51,0,0,-0.00475547520074626,-0.00475547520074626,5.158480421360237,1.873339456220478,3.1625170911988163
2000-11-01,29.65,92.6604,7.45,174.2,6.51,0,0,-0.07477380118622645,-0.07477380118622645,5.160204064418402,1.873339456220478,3.3894621254437345
2000-12-01,26.85,92.3457,7.21,174.6,6.4,0,0,0.00383966979396643,0.00383966979396643,5.162497643405501,1.8562979903656263,3.2902658209548736
2001-01-01,22.02,91.8908,7.15,175.6,5.98,0,0,0.06447590060944308,0.06447590060944308,5.168208681201016,1.7884205679625405,3.091951131294534
2001-02-01,28.35,91.2851,7.1,176,5.49,0,0,-0.09722093103245388,-0.09722093103245388,5.170483995038151,1.7029282555214393,3.3446270301737613
2001-03-01,28.64,91.0585,6.98,176.1,5.31,0,0,-0.06517730451814474,-0.06517730451814474,5.17105201550216,1.6695918352538475,3.3548043420924447
2001-04-01,25.48,90.7384,7.2,176.4,4.8,1,0,0.09040289584484527,0.09040289584484527,5.172754143572691,1.5686159179138452,3.2378938307039626
2001-05-01,22.64,90.2607,7.29,177.3,4.21,1,0,-0.00838570765968982,-0.00838570765968982,5.177843213080163,1.43746264769429,3.119718253334982
2001-06-01,19.06,89.7811,7.18,177.7,3.97,1,0,-0.02878631029331757,-0.02878631029331757,5.180096735160606,1.3787660946990992,2.947591898226056
2001-07-01,21.62,89.2352,7.13,177.4,3.77,1,0,-0.02061096354729597,-0.02061096354729597,5.178407069875479,1.3270750014599193,3.073618812211062
2001-08-01,24.92,89.157,7.02,177.4,3.65,1,0,-0.06772601549317991,-0.06772601549317991,5.178407069875479,1.2947271675944,3.2156706939192525
2001-09-01,31.93,88.6749,7.17,178.1,3.07,1,0,-0.0812046575794706,-0.0812046575794706,5.182345190295616,1.1216775615991057,3.4635460067266908
2001-10-01,33.56,88.4051,7.03,177.6,2.49,1,0,0.02044194258399523,0.02044194258399523,5.17953383055807,0.9122827104766164,3.5133348815990053
2001-11-01,23.84,87.886,6.97,177.5,2.09,1,0,0.05105615425922494,0.05105615425922494,5.178970608915471,0.7371640659767196,3.171364842197149
2001-12-01,23.8,87.8518,6.77,177.4,1.82,0,0,0.01608985861386513,0.01608985861386513,5.178407069875479,0.598836501088704,3.169685580677429
2002-01-01,21.09,88.4634,6.55,177.7,1.73,0,0,-0.0211922816407597,-0.0211922816407597,5.180096735160606,0.5481214085096876,3.0487989944906833
2002-02-01,21.59,88.4578,6.51,178,1.74,0,1,-0.01378539598666905,-0.01378539598666905,5.181783550292085,0.5538851132264376,3.072230244526716
2002-03-01,17.4,89.1265,6.81,178.5,1.73,0,0,0.01379241985853063,0.01379241985853063,5.184588601219693,0.5481214085096876,2.856470206220483
2002-04-01,21.91,89.5507,6.76,179.3,1.75,0,1,-0.06072181759488682,-0.06072181759488682,5.189060380611087,0.5596157879354227,3.086943153607375
2002-05-01,19.98,89.9348,6.75,179.5,1.75,0,0,-0.01778247425923673,-0.01778247425923673,5.190175207928333,0.5596157879354227,2.9947317732204075
2002-06-01,25.4,90.6736,6.63,179.6,1.75,0,0,-0.04887193350670849,-0.04887193350670849,5.190732155868099,0.5596157879354227,3.2347491740244907
2002-07-01,32.03,90.6436,6.53,180,1.73,0,0,-0.05887578367777602,-0.05887578367777602,5.19295685089021,0.5481214085096876,3.466672963621067
2002-08-01,32.64,90.5505,6.37,180.5,1.74,0,1,0.03550520554020342,0.03550520554020342,5.195730777772936,0.5538851132264376,3.4855385300959063
2002-09-01,39.69,90.6373,6.15,180.8,1.75,0,1,-0.07145621835350646,-0.07145621835350646,5.1973914479580765,0.5596157879354227,3.681099266794974
2002-10-01,31.14,90.3988,6.32,181.2,1.75,0,0,0.04463921621386801,0.04463921621386801,5.199601393608879,0.5596157879354227,3.4384931664058525
2002-11-01,27.5,90.8947,6.31,181.5,1.34,0,0,0.03923589806852745,0.03923589806852745,5.201255653704905,0.29266961396282004,3.3141860046725258
2002-12-01,28.62,90.3906,6.21,181.8,1.24,0,0,-0.05854281859066546,-0.05854281859066546,5.202907181743378,0.2151113796169455,3.3541057741283047
2003-01-01,31.17,91.1369,6.17,182.6,1.24,0,0,-0.05866694759368285,-0.05866694759368285,5.207297968160868,0.2151113796169455,3.4394560937792455
2003-02-01,29.63,91.2505,5.95,183.6,1.26,0,1,-0.02228238649218339,-0.02228238649218339,5.21275947818639,0.23111172096338664,3.388787361585474
2003-03-01,29.15,91.0006,5.89,183.9,1.25,0,0,0.01601561451861877,0.01601561451861877,5.214392131610276,0.22314355131420976,3.3724549127965013
2003-04-01,21.21,90.4311,5.74,183.2,1.26,0,1,0.06807380925702744,0.06807380925702744,5.21057845224003,0.23111172096338664,3.0544727685765913
2003-05-01,19.47,90.4,5.22,182.9,1.26,0,0,0.05160977812125078,0.05160977812125078,5.20893955539682,0.23111172096338664,2.968874819384108
2003-06-01,19.52,90.5196,4.97,183.1,1.22,0,0,0.00775594622543951,0.00775594622543951,5.210032451680465,0.19885085874516517,2.9714395809849465
2003-07-01,19.49,90.9869,5.49,183.7,1.01,0,0,0.00813379568246741,0.00813379568246741,5.21330399222108,0.009950330853168092,2.9699015135194693
2003-08-01,18.63,90.7933,5.88,184.5,1.03,0,1,0.02842420512943144,0.02842420512943144,5.217649463480582,0.02955880224154443,2.924773184613497
2003-09-01,22.72,91.3819,5.72,185.1,1.01,0,0,-0.02546015105811627,-0.02546015105811627,5.220896219579452,0.009950330853168092,3.1232455938529506
2003-10-01,16.1,91.5049,5.7,184.9,1.01,0,0,0.03190861618235519,0.03190861618235519,5.219815138393079,0.009950330853168092,2.7788192719904172
2003-11-01,16.32,92.1265,5.65,185,1,0,0,-7.743653040080956e-4,-7.743653040080956e-4,5.220355825078324,0,2.792391349535961
2003-12-01,18.31,92.1732,5.62,185.5,0.98,0,0,0.03906108569025246,0.03906108569025246,5.22305488204749,-0.020202707317519466,2.907447358686419
2004-01-01,16.63,92.3268,5.54,186.3,1,0,1,0.02043340864350518,0.02043340864350518,5.227358277607543,0,2.811208293204836
2004-02-01,14.55,92.8995,5.5,186.7,1.01,0,1,0.0085266208246193,0.0085266208246193,5.2295030505476765,0.009950330853168092,2.6775909936175015
2004-03-01,16.74,92.5368,5.33,187.1,1,0,0,-0.02574462184992865,-0.02574462184992865,5.231643233280044,0,2.817801065061329
2004-04-01,17.19,92.8957,5.73,187.4,1,0,0,-0.02196666061797758,-0.02196666061797758,5.2332453698043215,0,2.844327819394758
2004-05-01,15.5,93.5845,6.04,188.2,1,0,0,0.00285466850212534,0.00285466850212534,5.23750522715128,0,2.740840023925201
2004-06-01,14.34,92.8651,6.01,188.9,1.03,0,1,0.01751695995697266,0.01751695995697266,5.241217774507464,0.02955880224154443,2.663052835171474
2004-07-01,15.32,93.5502,5.82,189.1,1.26,0,1,-0.02411108838014786,-0.02411108838014786,5.242275975664412,0.23111172096338664,2.729159164312445
2004-08-01,15.29,93.6301,5.65,189.2,1.43,0,1,-0.00215069752337204,-0.00215069752337204,5.2428046566177775,0.3576744442718159,2.727199019940971
2004-09-01,13.34,93.7353,5.46,189.8,1.61,0,1,0.00783962673910543,0.00783962673910543,5.245970886175828,0.4762341789963717,2.590767040487478
2004-10-01,16.27,94.5695,5.47,190.8,1.76,0,1,-0.00114896051977464,-0.00114896051977464,5.251225759014186,0.5653138090500605,2.7893229212309465
2004-11-01,13.24,94.8015,5.52,191.7,1.93,0,1,0.03831008673016201,0.03831008673016201,5.255931650051599,0.6575200029167941,2.5832425505088623
2004-12-01,13.29,95.5415,5.47,191.7,2.16,0,1,0.01724909046924883,0.01724909046924883,5.255931650051599,0.7701082216960737,2.587011872725154
2005-01-01,12.82,95.8785,5.36,191.6,2.28,0,1,-0.01731160761696515,-0.01731160761696515,5.25540986553676,0.8241754429663494,2.551006451492524
2005-02-01,12.08,96.5709,5.2,192.4,2.5,0,1,0.01193023515732871,0.01193023515732871,5.259576538231606,0.9162907318741551,2.4915511925066687
2005-03-01,14.02,96.4345,5.4,193.1,2.63,0,1,-0.02463633604920045,-0.02463633604920045,5.263208189434469,0.9669838461896731,2.640484881606444
2005-04-01,15.31,96.6347,5.33,193.7,2.79,0,1,-0.01370090693080894,-0.01370090693080894,5.2663105704129505,1.0260415958332743,2.7285062096695922
2005-05-01,13.29,96.7251,5.15,193.6,3,0,1,0.02524606332812173,0.02524606332812173,5.265794174842477,1.0986122886681098,2.587011872725154
2005-06-01,12.04,97.1483,4.96,193.7,3.04,0,1,-0.00905825465706444,-0.00905825465706444,5.2663105704129505,1.1118575154181303,2.488234439880675
2005-07-01,11.57,96.8397,5.06,194.9,3.26,0,1,0.0332709171278216,0.0332709171278216,5.272486606513515,1.1817271953786161,2.448415541205585
2005-08-01,12.6,97.1584,5.09,196.1,3.5,0,1,-0.01215851364235942,-0.01215851364235942,5.2786247332023,1.252762968495368,2.533696813957432
2005-09-01,11.92,95.2764,5.13,198.8,3.62,0,1,0.00591040608997572,0.00591040608997572,5.292299294222474,1.2864740258376797,2.4782176616372036
2005-10-01,15.32,96.4411,5.35,199.1,3.78,0,1,-0.01605114713458666,-0.01605114713458666,5.293807211070151,1.3297240096314962,2.729159164312445
2005-11-01,12.06,97.5016,5.42,198.1,4,0,1,0.03884396747795859,0.03884396747795859,5.288771953704505,1.3862943611198906,2.4898941912990393
2005-12-01,12.07,97.9723,5.37,198.1,4.16,0,1,-0.01295199879307085,-0.01295199879307085,5.288771953704505,1.425515074273172,2.4907230351094403
2006-01-01,12.95,98.127,5.29,199.3,4.29,0,1,0.00889021657666289,0.00889021657666289,5.294811227218749,1.4562867329399256,2.5610957881455465
2006-02-01,12.34,98.1687,5.35,199.4,4.49,0,1,-0.00140349547949758,-0.00140349547949758,5.295312857527738,1.501852701754163,2.5128460184772416
2006-03-01,11.39,98.3913,5.53,199.7,4.59,0,1,0.00281125500314893,0.00281125500314893,5.296816240421769,1.5238800240724537,2.432735777459091
2006-04-01,11.59,98.6826,5.84,200.7,4.79,0,1,0.00986271193774057,0.00986271193774057,5.301811255802292,1.5665304114228238,2.4501426573516603
2006-05-01,16.44,98.7074,5.95,201.3,4.94,0,1,-0.02689261882306548,-0.02689261882306548,5.304796332645746,1.5973653311998313,2.799717389628034
2006-06-01,13.08,99.0398,5.89,201.8,4.99,0,1,-0.01206338150660013,-0.01206338150660013,5.307277107919509,1.6074359097634274,2.5710843460290524
2006-07-01,14.95,98.9751,5.85,202.9,5.24,0,1,-0.00275733085567364,-0.00275733085567364,5.312713246831769,1.6563214983329508,2.7047112998366956
2006-08-01,12.31,99.4047,5.68,203.8,5.25,0,1,0.0258866814639409,0.0258866814639409,5.3171391207886245,1.6582280766035324,2.510411940196362
2006-09-01,11.98,99.2246,5.51,202.8,5.25,0,0,0.01894719768367991,0.01894719768367991,5.312220271717028,1.6582280766035324,2.4832385926873033
2006-10-01,11.1,99.1229,5.51,201.9,5.25,0,0,0.03501787473937923,0.03501787473937923,5.307772525318792,1.6582280766035324,2.4069451083182885
2006-11-01,10.91,99.0963,5.33,202,5.25,0,0,0.02399452035233951,0.02399452035233951,5.308267697401205,1.6582280766035324,2.3896797998449792
2006-12-01,11.56,100.1125,5.32,203.1,5.24,0,0,0.01545781765323228,0.01545781765323228,5.313698468586339,1.6563214983329508,2.4475508632442313
2007-01-01,10.42,99.7546,5.4,203.437,5.25,0,1,0.01527602359267765,0.01527602359267765,5.315356374642572,1.6582280766035324,2.343727036325221
2007-02-01,15.42,100.7166,5.39,204.226,5.26,0,1,-0.02705506224493759,-0.02705506224493759,5.319227223776111,1.6601310267496185,2.7356653681351832
2007-03-01,14.64,100.8952,5.3,205.288,5.26,0,0,0.01260712590222556,0.01260712590222556,5.324413871269311,1.6601310267496185,2.6837575085331657
2007-04-01,14.22,101.5723,5.47,205.904,5.25,0,0,0.0405882168454712,0.0405882168454712,5.327410040751309,1.6582280766035324,2.6546494243750947
2007-05-01,13.05,101.6269,5.47,206.755,5.25,0,0,0.02981897654111409,0.02981897654111409,5.331534517408233,1.6582280766035324,2.5687881337687024
2007-06-01,16.23,101.6547,5.79,207.234,5.25,0,0,-0.0214731055419497,-0.0214731055419497,5.333848589587692,1.6582280766035324,2.7868613815264998
2007-07-01,23.52,101.4953,5.73,207.603,5.26,0,1,-0.04222638220363484,-0.04222638220363484,5.335627602054373,1.6601310267496185,3.1578511230304263
2007-08-01,23.38,101.6943,5.79,207.667,5.02,0,0,0.00558048540646027,0.00558048540646027,5.3359358352544914,1.6134299337036377,3.1518809560439225
2007-09-01,18,101.9428,5.74,208.547,4.94,0,0,0.02506341727200367,0.02506341727200367,5.34016443549993,1.5973653311998313,2.8903717578961645
2007-10-01,18.53,101.6446,5.66,209.19,4.76,0,0,0.00151254380056675,0.00151254380056675,5.343242929901029,1.5602476682433286,2.9193910402972683
2007-11-01,22.87,102.2167,5.44,210.834,4.49,0,0,-0.0180981197914728,-0.0180981197914728,5.351071093983903,1.501852701754163,3.12982600803469
2007-12-01,22.5,102.2764,5.49,211.445,4.24,0,0,-0.00275740513751165,-0.00275740513751165,5.353964917386851,1.4445632692438664,3.1135153092103742
2008-01-01,26.2,102.1493,5.33,212.174,3.94,1,0,-0.04741008853969186,-0.04741008853969186,5.357406692754025,1.3711807233098425,3.265759410767051
2008-02-01,26.54,101.7756,5.53,212.687,2.98,1,0,-0.0464304919107491,-0.0464304919107491,5.359821601391479,1.091923300517313,3.2786530289040616
2008-03-01,25.61,101.4508,5.51,213.448,2.61,1,0,-0.00648971327403513,-0.00648971327403513,5.363393243284224,0.959350221334602,3.242982900211434
2008-04-01,20.79,100.7554,5.55,213.942,2.28,1,0,0.01124663292801519,0.01124663292801519,5.365704950249732,0.8241754429663494,3.0344721018699214
2008-05-01,17.83,100.1336,5.57,215.208,1.98,1,0,-0.00635755825762363,-0.00635755825762363,5.371605002317856,0.6830968447064438,2.8808824318750488
2008-06-01,23.95,99.8728,5.68,217.463,2,1,1,-0.07625916747427564,-0.07625916747427564,5.382028721115022,0.6931471805599453,3.175968323856924
2008-07-01,22.94,99.4194,5.67,219.016,2.01,1,1,-0.01364300132348683,-0.01364300132348683,5.389144786508527,0.6981347220709843,3.1328821117012247
2008-08-01,20.65,97.8491,5.64,218.69,2,1,0,0.01786853743440342,0.01786853743440342,5.387655201900231,0.6931471805599453,3.027715319407042
2008-09-01,39.39,93.5576,5.65,218.877,1.81,1,0,-0.08705519382644744,-0.08705519382644744,5.3885099281999045,0.5933268452777344,3.6735119769828146
2008-10-01,59.89,94.4985,6.28,216.995,0.97,1,0,-0.10929974176872545,-0.16563317045517145,5.3798743118003465,-0.030459207484708574,4.092509546276371
2008-11-01,55.84,93.2617,6.12,213.153,0.39,1,0,-0.07250336173408312,-0.07250336173408312,5.362010217707528,-0.941608539858445,4.022490458454117
2008-12-01,40,90.6266,5.05,211.398,0.16,1,0,0.10638778261548226,0.10663919295793645,5.353742612653447,-1.8325814637483102,3.6888794541139363
2009-01-01,44.84,88.3712,5.05,211.933,0.15,1,0,-0.10929974176872545,-0.1136724450501817,5.3562701869857134,-1.8971199848858813,3.8031005982039594
2009-02-01,46.35,87.843,5.27,212.705,0.22,1,1,-0.10929974176872545,-0.10945674466794576,5.359906229217159,-1.5141277326297755,3.836221292011864
2009-03-01,44.14,86.4689,5.5,212.495,0.18,1,0,0.10638778261548226,0.13848061810266032,5.358918458675886,-1.7147984280919266,3.7873664008285903
2009-04-01,36.5,85.7903,5.39,212.709,0.15,1,0,0.07610837299411877,0.07610837299411877,5.359925034428083,-1.8971199848858813,3.597312260588446
2009-05-01,28.92,84.9436,5.54,213.022,0.18,1,1,0.04742911180467435,0.04742911180467435,5.3613954467607305,-1.7147984280919266,3.3645333972905638
2009-06-01,26.35,84.6746,5.61,214.79,0.21,1,1,-0.02497691931541623,-0.02497691931541623,5.369660806616172,-1.5606477482646683,3.2714682749873716
2009-07-01,25.92,85.6853,5.41,214.726,0.16,0,0,0.06947674416683047,0.06947674416683047,5.369362796761016,-1.8325814637483102,3.255014871484074
2009-08-01,26.01,86.6393,5.26,215.445,0.16,0,0,0.0179428005812352,0.0179428005812352,5.372705656551895,-1.8325814637483102,3.25848107946056
2009-09-01,25.61,87.3821,5.13,215.861,0.15,0,0,0.05915592494003907,0.05915592494003907,5.374634682018732,-1.8971199848858813,3.242982900211434
2009-10-01,30.69,87.5809,5.15,216.509,0.12,0,0,0.00615620330204436,0.00615620330204436,5.377632117017317,-2.120263536200091,3.4239368686316447
2009-11-01,24.51,87.9388,5.19,217.234,0.12,0,0,0.05058108291751884,0.05058108291751884,5.380975113562248,-2.120263536200091,3.1990811975400213
2009-12-01,21.68,88.2404,5.26,217.347,0.12,0,0,0.00562739238209286,0.00562739238209286,5.3814951547170455,-2.120263536200091,3.0763901765714454
2010-01-01,24.62,89.1897,5.26,217.488,0.11,0,0,-0.05218050964859599,-0.05218050964859599,5.382143676592892,-2.2072749131897207,3.2035591207563074
2010-02-01,19.5,89.5046,5.35,217.281,0.13,0,1,0.014047181530497,0.014047181530497,5.381191446716147,-2.0402208285265546,2.970414465569701
2010-03-01,17.59,90.1356,5.27,217.353,0.16,0,1,0.04814879731673094,0.04814879731673094,5.381522759962044,-1.8325814637483102,2.8673305587494666
2010-04-01,22.05,90.4607,5.29,217.403,0.2,0,1,0.00729137254759737,0.00729137254759737,5.38175277403992,-1.6094379124341003,3.093312601892855
2010-05-01,32.07,91.7014,4.96,217.29,0.2,0,0,-0.0938648667254075,-0.0938648667254075,5.381232866875345,-1.6094379124341003,3.4679210137050633
2010-06-01,34.54,91.9033,4.88,217.199,0.18,0,0,-0.03735838972206484,-0.03735838972206484,5.380813983997617,-1.7147984280919266,3.5421180727185324
2010-07-01,23.5,92.2549,4.72,217.605,0.18,0,0,0.07225243176415996,0.07225243176415996,5.382681492658975,-1.7147984280919266,3.1570004211501135
2010-08-01,26.05,92.5936,4.49,217.923,0.19,0,1,-0.06797473068818383,-0.06797473068818383,5.384141789386214,-1.6607312068216509,3.260017768199376
2010-09-01,23.7,92.8533,4.53,218.275,0.19,0,0,0.05638292486917118,0.05638292486917118,5.385755735696871,-1.6607312068216509,3.1654750481410856
2010-10-01,21.2,92.6033,4.68,219.035,0.19,0,0,0.03229691848709648,0.03229691848709648,5.389231534398666,-1.6607312068216509,3.054001181677967
2010-11-01,23.54,92.6686,4.87,219.59,0.19,0,0,-0.00323372231791974,-0.00323372231791974,5.3917621712579,-1.6607312068216509,3.1587011018321305
2010-12-01,17.75,93.5916,5.02,220.472,0.18,0,0,0.04275877076453982,0.04275877076453982,5.395770702696749,-1.7147984280919266,2.8763855159214247
2011-01-01,19.53,93.3889,5.04,221.187,0.17,0,0,0.01120397529205563,0.01120397529205563,5.399008497577555,-1.7719568419318752,2.9719517448885875
2011-02-01,18.35,93.0045,5.22,221.898,0.16,0,0,0.01501235509290377,0.01501235509290377,5.402217816828981,-1.8325814637483102,2.9096295745005794
2011-03-01,17.74,93.9684,5.13,223.046,0.14,0,0,0.01492731595843732,0.01492731595843732,5.407378028214637,-1.9661128563728327,2.8758219768814333
2011-04-01,14.75,93.6571,5.16,224.093,0.1,0,0,0.02341617848223687,0.02341617848223687,5.412061144263693,-2.3025850929940455,2.691243082785829
2011-05-01,15.45,93.7723,4.96,224.806,0.09,0,0,-0.01176886901165208,-0.01176886901165208,5.415237808054813,-2.4079456086518722,2.7376090033437546
2011-06-01,16.52,94.0493,4.99,224.806,0.09,0,0,0.00463273789061235,0.00463273789061235,5.415237808054813,-2.4079456086518722,2.804571768092832
2011-07-01,25.25,94.4958,4.93,225.395,0.07,0,0,-0.03537439301760792,-0.03537439301760792,5.4178544185734765,-2.659260036932778,3.228826155721369
2011-08-01,31.62,95.0974,4.37,226.106,0.1,0,1,-0.05287731351585356,-0.05287731351585356,5.4210039158623875,-2.3025850929940455,3.453789831781326
2011-09-01,42.96,95.0244,4.09,226.597,0.08,0,0,-0.0606100839710989,-0.0606100839710989,5.423173109318271,-2.5257286443082556,3.7602694502006093
2011-10-01,29.96,95.6891,3.98,226.75,0.07,0,0,0.10638778261548226,0.14016181426717833,5.423848088995246,-2.659260036932778,3.3998631586490187
2011-11-01,27.8,95.6778,3.87,227.169,0.08,0,1,0.02354132953913512,0.02354132953913512,5.425694233875741,-2.5257286443082556,3.3250360206965914
2011-12-01,23.4,96.1809,3.93,227.223,0.07,0,0,0.01046137652137946,0.01046137652137946,5.42593191411771,-2.659260036932778,3.152736022363656
2012-01-01,19.44,96.7595,3.85,227.842,0.08,0,1,0.02768074637371675,0.02768074637371675,5.4286524062749715,-2.5257286443082556,2.967332799032293
2012-02-01,18.43,97.0662,3.85,228.329,0.1,0,1,0.03141031875795441,0.03141031875795441,5.430787571311839,-2.3025850929940455,2.9139797716817317
2012-03-01,15.5,96.5609,3.99,228.807,0.13,0,1,0.02502019935957267,0.02502019935957267,5.4328788534432375,-2.0402208285265546,2.740840023925201
2012-04-01,17.15,97.251,3.96,229.187,0.14,0,1,-0.01489035143558892,-0.01489035143558892,5.434538264209312,-1.9661128563728327,2.8419981736119486
2012-05-01,24.06,97.4595,3.8,228.713,0.16,0,1,-0.06792476553376525,-0.06792476553376525,5.43246794243903,-1.8325814637483102,3.180550710546533
2012-06-01,17.08,97.4768,3.64,228.524,0.16,0,0,0.06581953033247157,0.06581953033247157,5.431641237641456,-1.8325814637483102,2.837908188360424
2012-07-01,18.93,97.6714,3.4,228.59,0.16,0,0,0.01011339091231411,0.01011339091231411,5.431930005871957,-1.8325814637483102,2.9407479652212314
2012-08-01,17.47,97.2734,3.48,229.918,0.13,0,0,0.02272926372512218,0.02272926372512218,5.43772272361508,-2.0402208285265546,2.8604851241459652
2012-09-01,15.73,97.2217,3.49,231.015,0.14,0,1,0.02543176507836997,0.02543176507836997,5.442482643478538,-1.9661128563728327,2.7555697170701863
2012-10-01,18.6,97.5311,3.47,231.638,0.16,0,1,-0.02238157153961439,-0.02238157153961439,5.445175808232938,-1.8325814637483102,2.9231615807191558
2012-11-01,15.87,97.9084,3.5,231.249,0.16,0,0,-0.00799242946683131,-0.00799242946683131,5.443495052058861,-1.8325814637483102,2.7644305345383176
2012-12-01,18.02,98.1884,3.65,231.221,0.16,0,0,0.01186978057725185,0.01186978057725185,5.443373963123214,-1.8325814637483102,2.8914822521801917
2013-01-01,14.28,98.1736,3.8,231.679,0.14,0,0,0.0244047129646594,0.0244047129646594,5.445352792889694,-1.9661128563728327,2.658859956911438
2013-02-01,15.51,98.6434,3.9,232.937,0.15,0,1,9.97911485009162e-4,9.97911485009162e-4,5.450768030738649,-1.8971199848858813,2.7414849771884473
2013-03-01,12.7,99.047,3.93,232.282,0.14,0,0,0.03358581996726895,0.03358581996726895,5.447952150764697,-1.9661128563728327,2.5416019934645457
2013-04-01,13.52,98.9445,3.73,231.797,0.15,0,1,0.02266072280732412,0.02266072280732412,5.445861988630356,-1.8971199848858813,2.604170070614818
2013-05-01,16.3,99.0383,3.89,231.893,0.11,0,0,0.03035321952649949,0.03035321952649949,5.4462760583811445,-2.2072749131897207,2.791165107812717
2013-06-01,16.86,99.2221,4.27,232.445,0.09,0,0,-0.0208117517061841,-0.0208117517061841,5.448653637903099,-2.4079456086518722,2.8249439525737094
2013-07-01,13.45,98.8987,4.34,232.9,0.09,0,0,0.04382153195313099,0.04382153195313099,5.450609176890295,-2.4079456086518722,2.598979106047848
2013-08-01,17.01,99.4897,4.54,233.456,0.08,0,0,-0.04329563740968378,-0.04329563740968378,5.452993622521666,-2.5257286443082556,2.8338014064077703
2013-09-01,16.6,100.021,4.64,233.544,0.08,0,0,0.02547920061913222,0.02547920061913222,5.453370496187798,-2.5257286443082556,2.8094026953624978
2013-10-01,13.75,99.9037,4.53,233.669,0.09,0,1,0.03630680770648964,0.03630680770648964,5.453905584051288,-2.4079456086518722,2.6210388241125804
2013-11-01,13.7,100.1582,4.63,234.1,0.08,0,0,0.02507325195728338,0.02507325195728338,5.455748374496865,-2.5257286443082556,2.617395832834079
2013-12-01,13.72,100.374,4.62,234.719,0.09,0,1,0.02635346787389902,0.02635346787389902,5.458389053990231,-2.4079456086518722,2.6188546222977394
2014-01-01,18.41,99.9899,4.49,235.288,0.07,0,0,-0.02695990959235261,-0.02695990959235261,5.460810295707806,-2.659260036932778,2.9128939952449864
2014-02-01,14,100.7471,4.45,235.547,0.07,0,0,0.06748987337594015,0.06748987337594015,5.461910468915507,-2.659260036932778,2.6390573296152584
2014-03-01,13.88,101.7435,4.38,236.028,0.08,0,1,0.01441705213283928,0.01441705213283928,5.463950442055756,-2.5257286443082556,2.6304489550786583
2014-04-01,13.41,101.8273,4.24,236.468,0.09,0,1,-8.326977932407997e-4,-8.326977932407997e-4,5.465812892223319,-2.4079456086518722,2.596000697293587
2014-05-01,11.4,102.2392,4.16,236.918,0.09,0,0,0.02117657534226147,0.02117657534226147,5.467714089705059,-2.4079456086518722,2.4336133554004498
2014-06-01,11.57,102.5774,4.25,237.231,0.1,0,1,0.01831717393115783,0.01831717393115783,5.469034349983856,-2.3025850929940455,2.448415541205585
2014-07-01,16.95,102.7954,4.16,237.498,0.09,0,0,-0.02161327281161651,-0.02161327281161651,5.470159202386607,-2.4079456086518722,2.830267833826459
2014-08-01,11.98,102.6322,4.08,237.46,0.09,0,0,0.04063058447973788,0.04063058447973788,5.469999188237646,-2.4079456086518722,2.4832385926873033
2014-09-01,16.31,102.9417,4.11,237.477,0.09,0,0,-0.01497792006890585,-0.01497792006890585,5.4700707766799335,-2.4079456086518722,2.7917784166329223
2014-10-01,14.03,102.9611,3.92,237.43,0.09,0,0,0.03693941576533266,0.03693941576533266,5.469872843189151,-2.4079456086518722,2.6411978941143697
2014-11-01,13.33,103.5978,3.92,236.983,0.09,0,0,0.02465544256166096,0.02465544256166096,5.467988408604609,-2.4079456086518722,2.5900171341906173
2014-12-01,19.2,103.6151,3.79,236.252,0.12,0,1,0.00265893383458815,0.00265893383458815,5.4648990319464845,-2.120263536200091,2.954910279033736
2015-01-01,20.97,102.7923,3.46,234.747,0.11,0,0,-0.0307112828865389,-0.0307112828865389,5.458508338453997,-2.2072749131897207,3.0430928449138284
2015-02-01,13.34,102.1366,3.61,235.342,0.11,0,0,0.04139348562468537,0.04139348562468537,5.4610397753424955,-2.2072749131897207,2.590767040487478
2015-03-01,15.29,101.7869,3.64,235.976,0.11,0,0,-0.023377838995787818,-0.023377838995787818,5.463730104939077,-2.2072749131897207,2.727199019940971
2015-04-01,14.55,101.2255,3.52,236.222,0.12,0,1,0.01253590059373022,0.01253590059373022,5.464772040831459,-2.120263536200091,2.6775909936175015
2015-05-01,13.84,100.7675,3.98,237.001,0.12,0,0,-4.269557165745841e-4,-4.269557165745841e-4,5.468064360535513,-2.120263536200091,2.6275629501895237
2015-06-01,18.23,100.4588,4.19,237.657,0.13,0,1,-0.02302371680875725,-0.02302371680875725,5.470828457707228,-2.0402208285265546,2.9030685886905716
2015-07-01,12.12,101.0893,4.15,238.034,0.13,0,0,0.01271777830636144,0.01271777830636144,5.472413520611222,-2.0402208285265546,2.4948569806411682
2015-08-01,28.43,100.9165,4.04,238.033,0.14,0,1,-0.05998931526959916,-0.05998931526959916,5.472409319521879,-1.9661128563728327,3.3474449256629084
2015-09-01,24.5,100.633,4.07,237.498,0.14,0,0,0.00322912129465402,0.00322912129465402,5.470159202386607,-1.9661128563728327,3.1986731175506815
2015-10-01,15.07,100.1563,3.95,237.733,0.12,0,0,0.0808496457440524,0.0808496457440524,5.471148195188653,-2.120263536200091,2.712706012638404
2015-11-01,16.13,99.4366,4.06,238.017,0.12,0,0,-0.01123553916025743,-0.01123553916025743,5.472342099692004,-2.120263536200091,2.7806808921371173
2015-12-01,18.21,98.9471,3.97,237.761,0.24,0,1,-0.02791263545048916,-0.02791263545048916,5.471265967442488,-1.4271163556401458,2.9019708937395166
2016-01-01,20.2,99.4391,4,237.652,0.34,0,1,-0.0359822536918557,-0.0359822536918557,5.4708074187620355,-1.0788096613719298,3.005682604407159
2016-02-01,20.55,98.9232,3.96,237.336,0.38,0,1,-0.00368675782779071,-0.00368675782779071,5.469476858635799,-0.9675840262617056,3.022860940942244
2016-03-01,13.95,98.1635,3.82,238.08,0.36,0,0,0.04114035213831757,0.04114035213831757,5.472606751644727,-1.0216512475319814,2.6354795082673745
2016-04-01,15.7,98.4775,3.62,238.992,0.37,0,1,-0.00360867065632974,-0.00360867065632974,5.476430078567937,-0.9942522733438669,2.7536607123542622
2016-05-01,14.19,98.2549,3.65,239.557,0.37,0,0,0.00745642180662642,0.00745642180662642,5.478791384359091,-0.9942522733438669,2.6525374911719513
2016-06-01,15.63,98.7315,3.5,240.222,0.38,0,1,-2.2386698881804443e-4,-2.2386698881804443e-4,5.481563495793126,-0.9675840262617056,2.749192144433385
2016-07-01,11.87,98.8452,3.28,240.101,0.39,0,1,0.0335957336716477,0.0335957336716477,5.481059668149813,-0.941608539858445,2.4740142086215764
2016-08-01,13.42,98.7427,3.32,240.545,0.4,0,1,5.060864771322393e-5,5.060864771322393e-5,5.482907182229998,-0.916290731874155,2.5967461315435356
2016-09-01,13.29,98.6552,3.41,241.176,0.4,0,0,-0.00119311598281701,-0.00119311598281701,5.485526957414767,-0.916290731874155,2.587011872725154
2016-10-01,17.06,98.7237,3.51,241.741,0.4,0,0,-0.01621786489913612,-0.01621786489913612,5.487866905098523,-0.916290731874155,2.836736542063533
2016-11-01,13.33,98.3443,3.86,242.026,0.41,0,1,0.0412413052387941,0.0412413052387941,5.489045158402165,-0.8915981192837836,2.5900171341906173
2016-12-01,14.04,99.0406,4.06,242.637,0.54,0,1,0.02179290500457731,0.02179290500457731,5.491566499307847,-0.616186139423817,2.641910398597665
2017-01-01,11.99,98.8158,3.92,243.618,0.65,0,1,0.00931869907587223,0.00931869907587223,5.495601424731506,-0.4307829160924542,2.4840729690394228
2017-02-01,12.92,98.4356,3.95,244.006,0.66,0,1,0.03688879030895986,0.03688879030895986,5.497192815154803,-0.4155154439616658,2.558776498354456
2017-03-01,12.37,99.0492,4.01,243.892,0.79,0,1,-0.0138733496286677,-0.0138733496286677,5.496725504355929,-0.23572233352106983,2.5152741864043966
2017-04-01,10.82,100.0416,3.87,244.193,0.9,0,1,0.0107509887641124,0.0107509887641124,5.4979588962370896,-0.10536051565782628,2.3813962734183356
2017-05-01,10.41,100.128,3.85,244.004,0.91,0,1,0.00982693762394459,0.00982693762394459,5.4971846186014535,-0.09431067947124129,2.3427668826268775
2017-06-01,11.18,100.337,3.68,244.163,1.04,0,1,-0.0027366181592332,-0.0027366181592332,5.497836035045509,0.03922071315328133,2.414126467726953
2017-07-01,10.26,100.0865,3.7,244.243,1.15,0,1,0.01699871095487326,0.01699871095487326,5.498163631351514,0.13976194237515863,2.3282528397426234
2017-08-01,10.59,99.6323,3.63,245.183,1.16,0,1,-0.00189803344726924,-0.00189803344726924,5.502004870500302,0.14842000511827322,2.359910159613315
2017-09-01,9.51,99.7482,3.63,246.435,1.15,0,0,0.01728616734961896,0.01728616734961896,5.50709826702641,0.13976194237515863,2.252343876557299
2017-10-01,10.18,100.9893,3.6,246.626,1.15,0,0,0.01824345639598745,0.01824345639598745,5.507873019073535,0.13976194237515863,2.3204250111223765
2017-11-01,11.28,101.2493,3.57,247.284,1.16,0,1,0.02644840885412946,0.02644840885412946,5.5105374736878545,0.14842000511827322,2.423031246069913
2017-12-01,11.04,101.4871,3.51,247.805,1.3,0,1,0.01188021325506705,0.01188021325506705,5.512642146554028,0.26236426446749106,2.401525040848949
2018-01-01,13.54,101.4852,3.55,248.859,1.41,0,1,0.04748108999443756,0.04748108999443756,5.516886471015856,0.34358970439007686,2.605648267484129
2018-02-01,19.85,101.7319,3.82,249.529,1.42,0,1,-0.03832412103993221,-0.03832412103993221,5.519575140902034,0.35065687161316933,2.9882040071331994
2018-03-01,19.97,102.1943,3.87,249.577,1.51,0,1,-0.01374321920221277,-0.01374321920221277,5.519767484813539,0.412109650826833,2.994231147427724
2018-04-01,15.93,103.3551,3.85,250.227,1.69,0,1,0.02562867717282979,0.02562867717282979,5.522368505879615,0.5247285289349821,2.768204123921957
2018-05-01,15.43,102.381,4,250.792,1.7,0,1,0.01901083688973237,0.01901083688973237,5.524623910323381,0.5306282510621704,2.7363136663750693
2018-06-01,16.09,103.2256,3.96,251.018,1.82,0,1,-0.0059423244559148,-0.0059423244559148,5.525524649707929,0.598836501088704,2.7781979610042917
2018-07-01,12.83,103.3561,3.87,251.214,1.91,0,1,0.03285280774571286,0.03285280774571286,5.526305165525123,0.6471032420585384,2.551786178627545
2018-08-01,12.86,104.0585,3.88,251.663,1.91,0,0,0.03133616342849321,0.03133616342849321,5.528090890938355,0.6471032420585384,2.554121718809473
2018-09-01,12.12,104.1038,3.98,252.182,1.95,0,1,0.00595846679699429,0.00595846679699429,5.53015104905668,0.6678293725756554,2.4948569806411682
2018-10-01,21.23,103.9297,4.14,252.772,2.19,0,1,-0.07277946353492881,-0.07277946353492881,5.532487896644746,0.7839015438284094,3.055415275715165
2018-11-01,18.07,104.0126,4.22,252.594,2.2,0,1,0.00722523011155185,0.00722523011155185,5.531783456665163,0.7884573603642703,2.8942531046041373
2018-12-01,25.42,104.0451,4.02,252.767,2.27,0,1,-0.10160659970693008,-0.10160659970693008,5.5324681157771955,0.8197798314933114,3.2355362657613083
2019-01-01,16.57,103.3598,3.93,252.561,2.4,0,1,0.07731782731449588,0.07731782731449588,5.531652803697076,0.8754687373538999,2.8075938314384716
2019-02-01,14.78,102.8251,3.79,253.319,2.4,0,0,0.02880439533041245,0.02880439533041245,5.5346495640642495,0.8754687373538999,2.6932749155200555
2019-03-01,13.71,102.8361,3.77,254.277,2.41,0,1,0.01095340839368885,0.01095340839368885,5.538424223980678,0.8796267475025636,2.6181254935742233
2019-04-01,13.12,102.2748,3.69,255.233,2.42,0,1,0.0274275992612405,0.0274275992612405,5.542176853455601,0.883767540168595,2.574137783515943
2019-05-01,18.71,102.4176,3.67,255.296,2.39,0,0,-0.05871606578644339,-0.05871606578644339,5.542423656282941,0.8712933659434193,2.9290581402859983
2019-06-01,15.08,102.5425,3.42,255.213,2.38,0,0,0.07189420907803368,0.07189420907803368,5.542098490612086,0.8671004876833833,2.71336936257981
2019-07-01,16.12,102.0057,3.29,255.802,2.4,0,1,0.00541431091157429,0.00541431091157429,5.544403707722465,0.8754687373538999,2.7800607370784824
2019-08-01,18.98,102.7814,2.98,256.036,2.13,0,0,-0.00917540091233248,-0.00917540091233248,5.545318059592794,0.7561219797213337,2.9433857931817817
2019-09-01,16.24,102.4601,3.03,256.43,2.04,0,0,0.02424756482692247,0.02424756482692247,5.546855722882189,0.712949807856125,2.787477334733532
2019-10-01,13.22,101.5878,3.01,257.155,1.83,0,0,0.03309584511308561,0.03309584511308561,5.549679015936231,0.6043159668533296,2.5817308344235403
2019-11-01,12.62,102.1494,3.06,257.879,1.55,0,0,0.02415136749433588,0.02415136749433588,5.552490482662294,0.4382549309311553,2.5352828571130672
2019-12-01,13.78,101.9421,3.01,258.63,1.55,0,0,0.03754489034853203,0.03754489034853203,5.555398468889943,0.4382549309311553,2.6232182655855123
2020-01-01,18.84,101.3372,2.94,259.127,1.55,0,0,-0.00992374638362236,-0.00992374638362236,5.55731828900884,0.4382549309311553,2.935982269148217
2020-02-01,40.11,101.6718,2.78,259.25,1.58,0,1,-0.09070705288476276,-0.09070705288476276,5.557792847109637,0.4574248470388755,3.6916256797819615
2020-03-01,53.54,97.606,3.02,258.076,0.65,1,0,-0.10929974176872545,-0.1636253274914593,5.553254115186731,-0.4307829160924542,3.9804290380922063
2020-04-01,34.15,84.6812,2.43,256.032,0.05,1,0,0.10638778261548226,0.1788827895732139,5.545302436667713,-2.995732273553991,3.530762586016799
2020-05-01,27.51,86.0108,2.5,255.802,0.05,0,0,0.07545813615800756,0.07545813615800756,5.544403707722465,-2.995732273553991,3.3145495749364833
2020-06-01,30.43,91.6745,2.44,257.042,0.08,0,1,0.01458245947075287,0.01458245947075287,5.549239495667466,-2.5257286443082556,3.4154289639088797
2020-07-01,24.46,95.0037,2.14,258.352,0.09,0,1,0.04982894109905667,0.04982894109905667,5.554322996139265,-2.4079456086518722,3.1970391302590264
2020-08-01,26.41,95.9294,2.25,259.316,0.1,0,1,0.06243529415164728,0.06243529415164728,5.558047395230248,-2.3025850929940455,3.273742726309041
2020-09-01,26.37,95.8914,2.31,259.997,0.09,0,0,-0.04640378457611882,-0.04640378457611882,5.56067009248742,-2.4079456086518722,3.2722270003651954
2020-10-01,38.02,96.5256,2.35,260.319,0.09,0,0,-0.03278516513540786,-0.03278516513540786,5.561907802037412,-2.4079456086518722,3.6381123370602833
2020-11-01,20.57,96.9529,2.3,260.911,0.09,0,0,0.0940686758352156,0.0940686758352156,5.564179353001697,-2.4079456086518722,3.0238337036648657
2020-12-01,22.75,98.2039,2.26,262.045,0.09,0,0,0.02556215605282053,0.02556215605282053,5.568516244737962,-2.4079456086518722,3.1245651453969594
2021-01-01,33.09,98.8135,2.45,262.639,0.09,0,0,0.00367235168125956,0.00367235168125956,5.570780465692942,-2.4079456086518722,3.499231121933521
2021-02-01,27.95,95.5072,2.7,263.573,0.08,0,0,0.00988107504264368,0.00988107504264368,5.574330369461162,-2.5257286443082556,3.3304171996011083
2021-03-01,19.4,98.1929,3.04,264.847,0.07,0,0,0.01821453141703521,0.01821453141703521,5.579152300760062,-2.659260036932778,2.9652730660692823
2021-04-01,18.61,98.3317,2.9,266.625,0.07,0,0,0.04012562594941582,0.04012562594941582,5.585843176791514,-2.659260036932778,2.9236990706541595
2021-05-01,16.76,99.1867,2.96,268.404,0.06,0,0,0.00273089318107078,0.00273089318107078,5.592493308116134,-2.8134107167600364,2.818995095053937
2021-06-01,15.83,99.6483,2.79,270.71,0.08,0,1,0.02271752768895507,0.02271752768895507,5.601048137201335,-2.5257286443082556,2.761906873892921
2021-07-01,18.24,100.0668,2.57,271.965,0.1,0,1,0.0174353868897148,0.0174353868897148,5.6056733815458815,-2.3025850929940455,2.9036169846461855
2021-08-01,16.48,100.0412,2.55,272.752,0.09,0,0,0.03089014640557086,0.03089014640557086,5.608562957408569,-2.4079456086518722,2.8021475244813256
2021-09-01,23.14,98.9955,2.53,273.942,0.08,0,0,-0.04786593815917739,-0.04786593815917739,5.612916405148828,-2.5257286443082556,3.1415627217655304
2021-10-01,16.26,100.3542,2.68,276.528,0.08,0,0,0.05699737471392052,0.05699737471392052,5.622312081658137,-2.5257286443082556,2.7887081041196646
2021-11-01,27.19,101.2684,2.62,278.824,0.08,0,0,-0.01011557451340894,-0.01011557451340894,5.630580758395195,-2.5257286443082556,3.3028492586443794
2021-12-01,17.22,101.1948,2.65,280.806,0.08,0,0,0.05609082448365221,0.05609082448365221,5.637664039444742,-2.5257286443082556,2.8460714989995846
2022-01-01,24.83,101.2146,2.93,282.542,0.08,0,0,-0.05858578866385267,-0.05858578866385267,5.643827212102196,-2.5257286443082556,3.2120525995200753
2022-02-01,30.15,101.8458,3.25,284.525,0.08,0,0,-0.03796295560433249,-0.03796295560433249,5.650821123167954,-2.5257286443082556,3.4061849231731944
2022-03-01,20.56,102.6732,3.43,287.467,0.2,0,1,0.05205222230537387,0.05205222230537387,5.661108071040681,-1.6094379124341003,3.0233474405869645
2022-04-01,33.4,102.9024,3.76,288.582,0.33,0,1,-0.0910564117568774,-0.0910564117568774,5.664979274332307,-1.1086626245216111,3.5085558999826545
2022-05-01,26.19,102.9659,4.13,291.299,0.77,0,1,-0.0055903385788707,-0.0055903385788707,5.674350231072438,-0.2613647641344075,3.2653776585196206
2022-06-01,28.71,102.8224,4.24,295.072,1.21,0,1,-0.07701350549967201,-0.07701350549967201,5.687219394356731,0.1906203596086497,3.3572454941329726
2022-07-01,21.33,103.0505,4.06,294.94,1.68,0,1,0.07972121482572225,0.07972121482572225,5.6867719458227945,0.5187937934151675,3.0601145324832593
2022-08-01,25.87,103.1703,4.07,295.162,2.33,0,1,-0.039729203028256,-0.039729203028256,5.687524358153115,0.8458682675776092,3.2530839961979376
2022-09-01,31.62,103.5326,4.59,296.421,2.56,0,1,-0.09610395429209528,-0.09610395429209528,5.691780741114604,0.9400072584914712,3.453789831781326
2022-10-01,25.88,103.4442,5.1,297.979,3.08,0,1,0.0526175711988619,0.0526175711988619,5.6970230142236336,1.1249295969854831,3.2534704696327
2022-11-01,20.58,103.1058,4.9,298.708,3.78,0,1,0.05809237418441992,0.05809237418441992,5.699466507588555,1.3297240096314962,3.0243197304059035
2022-12-01,21.67,101.8266,4.43,298.808,4.1,0,1,-0.05815429745692668,-0.05815429745692668,5.699801226661965,1.410986973710262,3.075928815548268
2023-01-01,19.4,102.7476,4.4,300.456,4.33,0,1,0.06601751300157677,0.06601751300157677,5.705301320625471,1.4655675420143985,2.9652730660692823
2023-02-01,20.7,102.8003,4.56,301.476,4.57,0,1,-0.03618656490134941,-0.03618656490134941,5.708690411008784,1.5195132049061133,3.0301337002713233
2023-03-01,18.7,102.8143,4.6,301.643,4.65,0,1,0.03996572606318738,0.03996572606318738,5.709244198915542,1.536867219599265,2.928523523860541
2023-04-01,15.78,103.2241,4.47,302.858,4.83,0,1,0.01090316604861652,0.01090316604861652,5.713264048795419,1.5748464676644813,2.7587433154177283
2023-05-01,17.94,102.9809,4.67,303.316,5.06,0,1,0.00286956181484154,0.00286956181484154,5.714775166352928,1.6213664832993742,2.88703285663065
2023-06-01,13.59,102.3809,4.65,304.099,5.08,0,1,0.05433754453188322,0.05433754453188322,5.717353306285935,1.6253112615903906,2.6093342281630525
2023-07-01,13.63,103.0722,4.66,304.615,5.12,0,1,0.02993321240611557,0.02993321240611557,5.7190486841599295,1.6331544390514163,2.612273245708441
2023-08-01,13.57,103.0951,4.95,306.138,5.33,0,1,-0.01509152266214219,-0.01509152266214219,5.724035980683444,1.673351238177753,2.6078614738467776
2023-09-01,17.52,103.3081,5.13,307.374,5.33,0,0,-0.05042777064793657,-0.05042777064793657,5.728065247176042,1.673351238177753,2.8633430855082453
2023-10-01,18.14,102.5781,5.61,307.653,5.33,0,0,-0.02205730565914077,-0.02205730565914077,5.728972524479765,1.673351238177753,2.8981194446869907
2023-11-01,12.92,102.8868,5.28,308.087,5.33,0,0,0.07785532132975903,0.07785532132975903,5.7303822106196,1.673351238177753,2.558776498354456
2023-12-01,12.45,102.6309,4.74,308.735,5.33,0,0,0.03813151435067397,0.03813151435067397,5.732483303766044,1.673351238177753,2.5217206229107165
2024-01-01,14.35,101.483,4.87,309.794,5.33,0,0,0.02167900230981878,0.02167900230981878,5.735907560461455,1.673351238177753,2.66374994220563
2024-02-01,13.4,102.7267,5.03,311.022,5.33,0,0,0.03874291056707801,0.03874291056707801,5.739863649227149,1.673351238177753,2.5952547069568657
2024-03-01,13.01,102.5186,5.01,312.107,5.33,0,0,0.02282814706950264,0.02282814706950264,5.743346077733961,1.673351238177753,2.565718292524414
2024-04-01,15.65,102.3568,5.28,313.016,5.33,0,0,-0.03968138902926199,-0.03968138902926199,5.7462543074445245,1.673351238177753,2.750470916986162
2024-05-01,12.92,102.9797,5.25,313.14,5.33,0,0,0.05163401446418314,0.05163401446418314,5.746650374883377,1.673351238177753,2.558776498354456
2024-06-01,12.44,103.2534,5.13,313.131,5.33,0,0,0.03351631173071845,0.03351631173071845,5.746621633332193,1.673351238177753,2.5209170873110334
2024-07-01,16.36,102.5192,5.12,313.566,5.33,0,0,0.00862268241888153,0.00862268241888153,5.74800986423121,1.673351238177753,2.794839331174601
2024-08-01,15,103.0196,4.87,314.131,5.33,0,0,0.03703535365624177,0.03703535365624177,5.749810096357823,1.673351238177753,2.70805020110221
2024-09-01,16.73,102.5954,4.68,314.851,5.13,0,0,0.04224140968727252,0.04224140968727252,5.752099511045318,1.6351056591826783,2.8172035149987327
2024-10-01,23.16,102.2138,4.95,315.564,4.83,0,0,-5.780257827895374e-4,-5.780257827895374e-4,5.754361514024355,1.5748464676644813,3.1424266527047946
2024-11-01,13.51,101.9619,5.14,316.449,4.64,0,0,0.05299191601644026,0.05299191601644026,5.75716209115944,1.534714366238164,2.6034301519721073
2024-12-01,17.35,103.1177,5.2,317.603,4.48,0,0,-0.02737157540399282,-0.02737157540399282,5.760802175172198,1.4996230464268938,2.8535925063928684
2025-01-01,16.43,103.3418,5.46,319.086,4.33,0,0,0.02930536268626049,0.02930536268626049,5.765460658927812,1.4655675420143985,2.799108932049177
2025-02-01,19.63,104.2202,5.32,319.775,4.33,0,0,-0.00668435357227192,-0.00668435357227192,5.767617623485457,1.4655675420143985,2.9770590082883697
2025-03-01,22.28,103.8892,5.29,319.615,4.33,0,0,-0.04594754339796736,-0.04594754339796736,5.767117146457854,1.4655675420143985,3.1036894150590832
