date,GS10,TB3MS,T10Y2Y,T10Y3M,BAA,AAA,FEDFUNDS,CPIAUCSL,PPIACO,INDPRO,UNRATE,GDPC1,PAYEMS,M2SL,USSLIND,VIXCLS,DTWEXM,USREC,close_price,monthly_return,CPI_YoY,INDPRO_YoY,M2_YoY,BAA_AAA_spread,tightening
2000-01-01,6.66,5.32,0.07,0.92,8.33,7.78,5.45,169.3,128.3,91.4092,4,13878.147,131011,4667.6,1.61,24.95,98.1875,0,1394.4599609375,-0.04175314453406476,2.2535211267605604,1.688120737665466,6.089688660382753,0.5499999999999998,0
2000-02-01,6.52,5.55,-0.11,0.64,8.29,7.68,5.73,170,129.8,91.7245,4.1,17469.65,131121,4680.9,1.48,23.37,99.3725,0,1366.4200439453125,-0.03041268197985214,2.2535211267605604,1.688120737665466,6.089688660382753,0.6099999999999994,1
2000-03-01,6.26,5.69,-0.47,0.15,8.37,7.68,5.85,171,130.8,92.083,4,17469.65,131604,4711.7,1.88,24.11,98.0581,0,1498.5799560546875,0.08656531712137117,2.2535211267605604,1.688120737665466,6.089688660382753,0.6899999999999995,1
2000-04-01,5.99,5.66,-0.45,0.41,8.4,7.64,6.02,170.9,130.7,92.6659,3.8,14130.908,131883,4767.8,2.13,26.2,101.8348,0,1452.4300537109375,-0.03555178259443659,2.2535211267605604,1.688120737665466,6.089688660382753,0.7600000000000007,1
2000-05-01,6.44,5.79,-0.4,0.66,8.9,7.99,6.27,171.2,131.6,92.9347,4,17469.65,132105,4755.7,1.85,23.65,101.685,0,1420.5999755859375,-0.03245361785395029,2.2535211267605604,1.688120737665466,6.089688660382753,0.9100000000000001,1
2000-06-01,6.1,5.69,-0.35,0.15,8.48,7.67,6.53,172.2,133.8,93.0018,4,17469.65,132062,4773.6,1.26,19.54,99.941,0,1454.5999755859375,0.003996325783248267,2.2535211267605604,1.688120737665466,6.089688660382753,0.8100000000000005,1
2000-07-01,6.05,5.96,-0.26,-0.23,8.35,7.65,6.54,172.7,133.7,92.8373,4,14145.312,132228,4791.3,0.99,20.74,102.0877,0,1430.8299560546875,-0.026341632060945974,2.2535211267605604,1.688120737665466,6.089688660382753,0.6999999999999993,1
2000-08-01,5.83,6.09,-0.45,-0.58,8.26,7.55,6.5,172.7,132.9,92.591,4.1,17469.65,132234,4819.5,1.05,16.84,102.9534,0,1517.6800537109375,0.055336958122522706,2.2535211267605604,1.688120737665466,6.089688660382753,0.71,0
2000-09-01,5.8,6,-0.18,-0.43,8.35,7.62,6.52,173.6,134.7,92.9827,3.9,17469.65,132338,4855.3,1.06,20.57,104.0693,0,1436.510009765625,-0.055406148650666176,2.2535211267605604,1.688120737665466,6.089688660382753,0.7299999999999995,1
2000-10-01,5.74,6.11,-0.17,-0.61,8.34,7.55,6.51,173.9,135.4,92.64,3.9,14229.765,132352,4871.4,1.19,23.63,106.5658,0,1429.4000244140625,-0.004755475200746262,2.2535211267605604,1.688120737665466,6.089688660382753,0.79,0
2000-11-01,5.72,6.17,-0.13,-0.73,8.28,7.45,6.51,174.2,135,92.6604,3.9,17469.65,132556,4882.8,0.97,29.65,106.4385,0,1314.949951171875,-0.07477380118622645,2.2535211267605604,1.688120737665466,6.089688660382753,0.8299999999999992,0
2000-12-01,5.24,5.77,0.01,-0.77,8.02,7.21,6.4,174.6,136.2,92.3457,3.9,17469.65,132716,4927.7,0.8,26.85,102.9824,0,1320.280029296875,0.003839669793966438,2.2535211267605604,1.688120737665466,6.089688660382753,0.8099999999999996,0
2001-01-01,5.16,5.15,0.57,0.2,7.93,7.15,5.98,175.6,140,91.8908,4.2,14183.12,132703,4978.4,0.95,22.02,103.9749,0,1366.010009765625,0.06447590060944308,3.7212049616065945,0.5268616288075956,6.658668266346712,0.7799999999999994,0
2001-02-01,5.1,4.88,0.51,0.07,7.87,7.1,5.49,176,137.4,91.2851,4.2,17469.65,132788,5017.1,0.66,28.35,105.5054,0,1239.93994140625,-0.09722093103245388,3.529411764705892,-0.4790432218218732,7.182379456942067,0.7700000000000005,0
2001-03-01,4.89,4.42,0.75,0.63,7.84,6.98,5.31,176.1,135.9,91.0585,4.3,17469.65,132751,5074.9,0.46,28.64,110.1972,0,1160.3299560546875,-0.06517730451814474,2.9824561403508643,-1.112583212970908,7.708470403463719,0.8599999999999994,0
2001-04-01,5.14,3.87,1.05,1.4,8.07,7.2,4.8,176.4,136.4,90.7384,4.4,14271.694,132457,5139.2,0.26,25.48,108.4128,1,1249.4599609375,0.09040289584484529,3.2182562902282053,-2.080053180296093,7.789756281723226,0.8700000000000001,0
2001-05-01,5.39,3.62,1.21,1.8,8.07,7.29,4.21,177.3,136.8,90.2607,4.3,17469.65,132409,5137.3,0.44,22.64,109.8213,1,1255.8199462890625,-0.008385707659689823,3.5630841121495394,-2.877289107297931,8.024055344113389,0.7800000000000002,0
2001-06-01,5.28,3.49,1.17,1.77,7.97,7.18,3.97,177.7,135.5,89.7811,4.5,17469.65,132299,5180.3,0.6,19.06,110.2966,1,1224.3800048828125,-0.028786310293317574,3.193960511033689,-3.463051252771465,8.519775431540122,0.79,0
2001-07-01,5.24,3.51,1.28,1.53,7.97,7.13,3.77,177.4,133.4,89.2352,4.6,14214.516,132171,5210.2,0.28,21.62,109.1777,1,1211.22998046875,-0.02061096354729597,2.7214823393167498,-3.880013744475541,8.742929893765773,0.8399999999999999,0
2001-08-01,4.97,3.36,1.21,1.48,7.85,7.02,3.65,177.4,133.4,89.157,4.9,17469.65,132021,5243.9,0.39,24.92,106.6244,1,1133.5799560546875,-0.06772601549317991,2.7214823393167498,-3.708783791081205,8.805892727461352,0.8300000000000001,0
2001-09-01,4.73,2.64,1.74,2.2,8.03,7.17,3.07,178.1,133.3,88.6749,5,17469.65,131763,5355.3,-0.08,31.93,107.3094,1,1040.93994140625,-0.0812046575794706,2.5921658986175045,-4.632904830683559,10.298024838835907,0.8599999999999994,0
2001-10-01,4.57,2.16,1.86,2.25,7.91,7.03,2.49,177.6,130.3,88.4051,5.3,14253.574,131452,5344,-0.32,33.56,108.6554,1,1059.780029296875,0.020441942583995232,2.127659574468077,-4.571351468048357,9.701523176089012,0.8799999999999999,0
2001-11-01,4.65,1.87,1.94,3,7.81,6.97,2.09,177.5,129.8,87.886,5.5,17469.65,131144,5387.7,-0.4,23.84,108.677,1,1139.449951171875,0.05105615425922494,1.894374282433997,-5.1525786635930775,10.340378471368883,0.8399999999999999,0
2001-12-01,5.09,1.69,2,3.33,8.05,6.77,1.82,177.4,128.1,87.8518,5.7,17469.65,130983,5440.7,-0.05,23.8,110.5327,0,1148.0799560546875,0.016089858613865138,1.603665521191311,-4.86638793143589,10.410536355703481,1.2800000000000011,0
2002-01-01,5.04,1.65,1.91,3.31,7.87,6.55,1.73,177.7,128.5,88.4634,5.7,14372.785,130859,5461.1,0.53,21.09,112.8265,0,1130.199951171875,-0.021192281640759703,1.1958997722095743,-3.7298619665951382,9.695886228507167,1.3200000000000003,0
2002-02-01,4.91,1.72,1.82,3.09,7.89,6.51,1.74,178,128.4,88.4578,5.7,17469.65,130736,5490.4,0.71,21.59,112.6823,0,1106.72998046875,-0.013785395986669058,1.1363636363636465,-3.097219590053568,9.433736620756994,1.38,1
2002-03-01,5.28,1.79,1.7,3.63,8.11,6.81,1.73,178.5,129.8,89.1265,5.7,17469.65,130722,5502.2,0.51,17.4,111.7899,0,1147.3900146484375,0.013792419858530636,1.3628620102214661,-2.1217129647424504,8.419870342272763,1.2999999999999998,0
2002-04-01,5.21,1.71,1.87,3.34,8.03,6.76,1.75,179.3,130.8,89.5507,5.9,14460.848,130615,5502.3,0.61,21.91,108.9262,0,1076.9200439453125,-0.06072181759488682,1.643990929705219,-1.308927642541624,7.065301992528017,1.2699999999999996,1
2002-05-01,5.16,1.73,1.86,3.34,8.09,6.75,1.75,179.5,130.8,89.9348,5.8,17469.65,130632,5528.5,0.73,19.98,105.6437,0,1067.1400146484375,-0.017782474259236736,1.2408347433727984,-0.361065225507895,7.614894983746323,1.3399999999999999,0
2002-06-01,4.93,1.7,1.96,3.16,7.95,6.63,1.75,179.6,130.9,90.6736,5.8,17469.65,130673,5553.5,0.99,25.4,102.202,0,989.82000732421875,-0.04887193350670849,1.0692177827799743,0.9940845010809607,7.204215972047945,1.3200000000000003,0
2002-07-01,4.65,1.68,2.28,2.8,7.9,6.53,1.73,180,131.2,90.6436,5.8,14519.633,130583,5596.2,1.12,32.03,103.5833,0,911.6199951171876,-0.05887578367777602,1.465614430665152,1.5783009395395453,7.408544777551729,1.37,0
2002-08-01,4.26,1.62,2,2.45,7.58,6.37,1.74,180.5,131.5,90.5505,5.7,17469.65,130582,5638.4,0.91,32.64,102.9413,0,916.07000732421875,0.03550520554020342,1.747463359639223,1.5629731821393822,7.523026754896156,1.21,1
2002-09-01,3.87,1.63,1.91,2.06,7.4,6.15,1.75,180.8,132.3,90.6373,5.7,17469.65,130503,5662.5,0.97,39.69,103.5577,0,815.280029296875,-0.07145621835350646,1.516002245929271,2.2130275872879412,5.736373312419474,1.25,1
2002-10-01,3.94,1.58,2.25,2.49,7.73,6.32,1.75,181.2,133.2,90.3988,5.7,14537.58,130617,5707.2,0.88,31.14,103.2141,0,885.760009765625,0.044639216213868016,2.0270270270270174,2.255186635160178,6.79640718562875,1.4100000000000001,0
2002-11-01,4.05,1.23,2.14,3,7.62,6.31,1.34,181.5,133.1,90.8947,5.9,17469.65,130616,5758.2,0.72,27.5,103.1296,0,936.30999755859375,0.03923589806852745,2.2535211267605604,3.423412147554794,6.876774876106695,1.3100000000000005,0
2002-12-01,4.03,1.19,2.22,2.61,7.45,6.21,1.24,181.8,132.9,90.3906,6,17469.65,130465,5779.5,0.66,28.62,100.2577,0,879.82000732421875,-0.05854281859066546,2.4802705749718212,2.889866798403684,6.227139890087674,1.2400000000000002,0
2003-01-01,4.05,1.17,2.28,2.82,7.35,6.17,1.24,182.6,135.3,91.1369,5.8,14614.141,130573,5812.3,0.91,31.17,98.3091,0,855.70001220703125,-0.05866694759368285,2.757456387169399,3.022153794676674,6.430938821849064,1.1799999999999997,0
2003-02-01,3.9,1.17,2.18,2.51,7.06,5.95,1.26,183.6,137.6,91.2505,5.9,17469.65,130441,5848.4,0.69,29.63,97.3887,0,841.1500244140625,-0.022282386492183393,3.146067415730336,3.1570986391251,6.520472096750685,1.1099999999999994,1
2003-03-01,3.81,1.13,2.32,2.69,6.95,5.89,1.25,183.9,141.2,91.0006,5.9,17469.65,130235,5868.6,0.47,29.15,96.5982,0,848.17999267578125,0.01601561451861877,3.025210084033625,2.1027416088369,6.65915452001018,1.0600000000000005,0
2003-04-01,3.96,1.13,2.38,2.76,6.85,5.74,1.26,183.2,136.8,90.4311,6,14743.567,130172,5905.7,0.26,21.21,94.9386,0,916.9199829101564,0.06807380925702744,2.175125488008911,0.9831302267877318,7.331479563091792,1.1099999999999994,1
2003-05-01,3.57,1.07,2.04,2.26,6.38,5.22,1.26,182.9,136.7,90.4,6.1,17469.65,130196,5965.5,0.47,19.47,91.6261,0,963.59002685546875,0.05160977812125078,1.8941504178273005,0.5172636176430156,7.904494890114866,1.1600000000000001,0
2003-06-01,3.33,0.92,2.22,2.64,6.19,4.97,1.22,183.1,138,90.5196,6.3,17469.65,130185,6002.4,0.56,19.52,92.1028,0,974.5,0.007755946225439514,1.948775055679297,-0.16983995341531832,8.083190780588811,1.2200000000000006,0
2003-07-01,3.98,0.9,2.69,3.53,6.62,5.49,1.01,183.7,137.7,90.9869,6.2,14988.782,130184,6049.4,0.93,19.49,94.3994,0,990.30999755859375,0.008133795682467415,2.055555555555544,0.3787360607919288,8.098352453450563,1.13,0
2003-08-01,4.45,0.95,2.5,3.47,7.01,5.88,1.03,184.5,138,90.7933,6.1,17469.65,130153,6107.3,1.13,18.63,94.3449,0,1008.010009765625,0.028424205129431446,2.216066481994461,0.2681376690355064,8.316188989784346,1.13,1
2003-09-01,4.27,0.94,2.46,3.01,6.79,5.72,1.01,185.1,138.5,91.3819,6.1,17469.65,130253,6079.9,1.49,22.72,90.1281,0,995.969970703125,-0.025460151058116276,2.378318584070782,0.8215160866442472,7.371302428256055,1.0700000000000003,0
2003-10-01,4.29,0.92,2.48,3.37,6.73,5.7,1.01,184.9,139.3,91.5049,6,15162.76,130440,6070.2,1.56,16.1,89.1992,0,1050.7099609375,0.03190861618235519,2.041942604856528,1.2235781890910236,6.360386879730862,1.0300000000000002,0
2003-11-01,4.3,0.93,2.28,3.41,6.66,5.65,1,185,138.9,92.1265,5.8,17469.65,130481,6075.7,1.53,16.32,87.3502,0,1058.199951171875,-7.743653040080956e-4,1.9283746556473913,1.3551945272936683,5.5138758639852625,1.0099999999999998,0
2003-12-01,4.27,0.9,2.43,3.32,6.6,5.62,0.98,185.5,139.5,92.1732,5.7,17469.65,130589,6074,1.78,18.31,84.8883,0,1111.9200439453125,0.03906108569025246,2.0352035203520247,1.9721077191654723,5.095596504887956,0.9799999999999995,0
2004-01-01,4.15,0.88,2.32,3.24,6.44,5.54,1,186.3,141.4,92.3268,5.7,15248.68,130756,6082.2,1.51,16.63,85.626,0,1131.1300048828125,0.02043340864350518,2.026286966046009,1.305618251224261,4.643600640022005,0.9000000000000004,1
2004-02-01,4.08,0.93,2.33,3.03,6.27,5.5,1.01,186.7,142.1,92.8995,5.6,17469.65,130820,6121.9,1.47,14.55,86.2937,0,1144.93994140625,0.008526620824619302,1.688453159041381,1.8071133856800703,4.676492715956493,0.7699999999999996,1
2004-03-01,3.83,0.94,2.26,2.91,6.11,5.33,1,187.1,143.1,92.5368,5.8,17469.65,131139,6158,1.61,16.74,85.3923,0,1126.2099609375,-0.02574462184992865,1.7400761283306032,1.688120737665466,4.93132944825001,0.7800000000000002,0
2004-04-01,4.35,0.94,2.22,3.55,6.46,5.73,1,187.4,144.8,92.8957,5.6,15366.85,131412,6199.1,1.64,17.19,88.815,0,1107.300048828125,-0.021966660617977585,2.2925764192139875,2.7253898271722976,4.96808168379701,0.7299999999999995,0
2004-05-01,4.72,1.02,2.12,3.58,6.75,6.04,1,188.2,146.8,93.5845,5.6,17469.65,131697,6275.9,1.8,15.5,87.7243,0,1120.6800537109375,0.002854668502125346,2.8977583378895444,3.522676991150453,5.203252032520322,0.71,0
2004-06-01,4.73,1.27,1.92,3.29,6.78,6.01,1.03,188.9,147.2,92.8651,5.6,17469.65,131794,6278.1,1.53,14.34,87.3441,0,1140.8399658203125,0.017516959956972666,3.1676679410158393,2.591151529613467,4.593162734906042,0.7700000000000005,1
2004-07-01,4.5,1.33,1.82,3.05,6.62,5.82,1.26,189.1,147.4,93.5502,5.5,15512.619,131853,6291.3,1.57,15.32,87.8202,0,1101.719970703125,-0.02411108838014786,2.939575394665228,2.8172187424783113,3.9987436770588802,0.7999999999999998,1
2004-08-01,4.28,1.48,1.72,2.54,6.46,5.65,1.43,189.2,148,93.6301,5.4,17469.65,131940,6317.9,1.47,15.29,86.8051,0,1104.239990234375,-0.002150697523372047,2.5474254742547275,3.1244596242233635,3.448332323612724,0.8099999999999996,1
2004-09-01,4.13,1.65,1.51,2.43,6.27,5.46,1.61,189.8,147.7,93.7353,5.4,17469.65,132091,6352.3,1.38,13.34,85.2055,0,1114.5799560546875,0.007839626739105432,2.5391680172879516,2.5753458835940046,4.480336847645527,0.8099999999999996,1
2004-10-01,4.1,1.76,1.49,2.14,6.21,5.47,1.76,190.8,150,94.5695,5.5,15670.88,132431,6379.9,1.38,16.27,82.6304,0,1130.199951171875,-0.0011489605197746444,3.1909140075716547,3.349110266226174,5.101973575829466,0.7400000000000002,1
2004-11-01,4.19,2.07,1.34,2.13,6.2,5.52,1.93,191.7,151.4,94.8015,5.4,17469.65,132504,6406.5,1.5,13.24,79.9112,0,1173.8199462890625,0.03831008673016201,3.621621621621607,2.9036162233450957,5.444640123771749,0.6800000000000006,1
2004-12-01,4.23,2.19,1.16,2.02,6.15,5.47,2.16,191.7,150.2,95.5415,5.4,17469.65,132629,6424.7,1.37,13.29,79.4917,0,1211.9200439453125,0.01724909046924883,3.3423180592991875,3.654316005086078,5.7737899242673585,0.6800000000000006,1
2005-01-01,4.22,2.33,0.85,1.63,6.02,5.36,2.28,191.6,150.9,95.8785,5.3,15844.727,132781,6431,1.16,12.82,81.6728,0,1181.27001953125,-0.017311607616965152,2.8448738593666034,3.846878696109912,5.7347670250896154,0.6599999999999993,1
2005-02-01,4.17,2.54,0.77,1.6,5.82,5.2,2.5,192.4,151.6,96.5709,5.4,17469.65,133033,6439.1,1.54,12.08,80.8079,0,1203.5999755859375,0.011930235157328717,3.0530262453133394,3.9520126588409976,5.181397932014575,0.6200000000000001,1
2005-03-01,4.5,2.74,0.7,1.71,6.06,5.4,2.63,193.1,153.7,96.4345,5.2,17469.65,133152,6448.4,1.39,14.02,81.7542,0,1180.5899658203125,-0.024636336049200458,3.2068412613575736,4.21205401526743,4.715816823644037,0.6599999999999993,1
2005-04-01,4.34,2.78,0.55,1.31,6.05,5.33,2.79,193.7,155,96.6347,5.2,15922.782,133519,6462,1.64,15.31,82.3876,0,1156.8499755859375,-0.013700906930808943,3.3617929562433257,4.024944103978978,4.2409382007065455,0.7199999999999998,1
2005-05-01,4.14,2.84,0.4,1.01,6.01,5.15,3,193.6,154.3,96.7251,5.1,17469.65,133689,6479.2,1.31,13.29,84.6087,0,1191.5,0.025246063328121737,2.869287991498415,3.355897611249725,3.2393760257493076,0.8599999999999994,1
2005-06-01,4,2.97,0.28,0.81,5.86,4.96,3.04,193.7,154.3,97.1483,5,17469.65,133947,6511.8,1.67,12.04,85.3391,0,1191.3299560546875,-0.009058254657064446,2.541026998411855,4.612281686015529,3.722463802742859,0.9000000000000004,1
2005-07-01,4.18,3.22,0.26,0.86,5.95,5.06,3.26,194.9,156.3,96.8397,5,16047.587,134300,6543.7,1.68,11.57,85.6004,0,1234.1800537109375,0.0332709171278216,3.067160232681121,3.5162939256142556,4.011889434616056,0.8900000000000006,1
2005-08-01,4.26,3.44,0.18,0.5,5.96,5.09,3.5,196.1,157.6,97.1584,4.9,17469.65,134503,6576.5,1.78,12.6,83.8601,0,1220.3299560546875,-0.012158513642359425,3.6469344608879517,3.7683394549402394,4.093132211652617,0.8700000000000001,1
2005-09-01,4.2,3.42,0.16,0.79,6.03,5.13,3.62,198.8,162.2,95.2764,5,17469.65,134554,6610.3,1.3,11.92,84.3793,0,1228.81005859375,0.005910406089975728,4.741833508956805,1.6440977945341828,4.0615210238811095,0.9000000000000004,1
2005-10-01,4.46,3.71,0.17,0.59,6.3,5.35,3.78,199.1,166.2,96.4411,5,16136.734,134643,6644.1,1.35,15.32,85.4842,0,1207.010009765625,-0.016051147134586663,4.350104821802936,1.9790735913798763,4.1411307387263285,0.9500000000000002,1
2005-11-01,4.54,3.88,0.07,0.54,6.39,5.42,4,198.1,163.7,97.5016,5,17469.65,134999,6660.8,1.51,12.06,86.387200000000007,0,1249.47998046875,0.038843967477958596,3.3385498174230532,2.848161685205386,3.9694060719581703,0.9699999999999998,1
2005-12-01,4.47,3.89,-0.02,0.31,6.32,5.37,4.16,198.1,163,97.9723,4.9,17469.65,135158,6688,1.7,12.07,86.0274,0,1248.2900390625,-0.012951998793070851,3.3385498174230532,2.5442347042908153,4.098245832490233,0.9500000000000002,1
2006-01-01,4.42,4.24,-0.01,0.06,6.24,5.29,4.29,199.3,164.3,98.127,4.7,16353.835,135426,6730.3,1.85,12.95,84.1424,0,1280.0799560546875,0.00889021657666289,4.018789144050117,2.3451555875404706,4.654019592598346,0.9500000000000002,1
2006-02-01,4.57,4.43,-0.14,-0.07,6.27,5.35,4.49,199.4,161.8,98.1687,4.8,17469.65,135731,6754.9,1.62,12.34,84.718,0,1280.6600341796875,-0.0014034954794975851,3.63825363825363,1.6545356831095148,4.904412107282052,0.9199999999999999,1
2006-03-01,4.72,4.51,0.04,0.23,6.41,5.53,4.59,199.7,162.2,98.3913,4.7,17469.65,136036,6769.5,1.58,11.39,85.1759,0,1294.8699951171875,0.002811255003148938,3.4179181771103018,2.0291493189678045,4.979529805843308,0.8799999999999999,1
2006-04-01,4.99,4.6,0.2,0.3,6.68,5.84,4.79,200.7,164.3,98.6826,4.7,16396.151,136208,6807,1.43,11.59,81.8354,0,1310.6099853515625,0.009862711937740576,3.613835828600931,2.119218044863791,5.338904363973995,0.8399999999999999,1
2006-05-01,5.11,4.72,0.08,0.26,6.75,5.95,4.94,201.3,165.8,98.7074,4.6,17469.65,136249,6813.9,1.08,16.44,80.5146,0,1270.0899658203125,-0.026892618823065484,3.9772727272727293,2.049416335573717,5.165761205087049,0.7999999999999998,1
2006-06-01,5.11,4.79,-0.01,0.14,6.78,5.89,4.99,201.8,166.1,99.0398,4.6,17469.65,136335,6852.1,1.13,13.08,81.3415,0,1270.199951171875,-0.012063381506600135,4.1817243159525175,1.947023262373082,5.225897601277674,0.8900000000000006,1
2006-07-01,5.09,4.95,0.02,-0.11,6.76,5.85,5.24,202.9,166.8,98.9751,4.7,16420.738,136529,6893.9,0.72,14.95,81.5974,0,1276.6600341796875,-0.0027573308556736453,4.104669061056954,2.2050873763549417,5.351712334000647,0.9100000000000001,1
2006-08-01,4.88,4.96,-0.05,-0.31,6.59,5.68,5.25,203.8,167.9,99.4047,4.7,17469.65,136693,6925.3,1.01,12.31,81.2524,0,1303.8199462890625,0.025886681463940908,3.926568077511483,2.3119977274224324,5.303732988671794,0.9100000000000001,1
2006-09-01,4.72,4.81,-0.07,-0.25,6.43,5.51,5.25,202.8,165.4,99.2246,4.5,17469.65,136829,6952.6,0.88,11.98,81.9707,0,1335.8499755859375,0.018947197683679917,2.012072434607637,4.143943306002318,5.178282377501775,0.9199999999999999,0
2006-10-01,4.73,4.92,-0.1,-0.47,6.42,5.51,5.25,201.9,162.2,99.1229,4.4,16561.866,136846,7002,1.08,11.1,81.5503,0,1377.93994140625,0.03501787473937923,1.4063284781516971,2.7807646325062496,5.386734094911261,0.9100000000000001,0
2006-11-01,4.6,4.94,-0.16,-0.57,6.2,5.33,5.25,202,164.6,99.0963,4.5,17469.65,137061,7037.5,0.82,10.91,80.318,0,1400.6300048828125,0.02399452035233951,1.9687026754164672,1.635562903583132,5.655476819601257,0.8700000000000001,0
2006-12-01,4.56,4.85,-0.11,-0.31,6.22,5.32,5.24,203.1,165.6,100.1125,4.4,17469.65,137249,7080.4,1,11.56,81.5007,0,1418.300048828125,0.015457817653232286,2.5239777889954462,2.1844950052208656,5.86722488038276,0.8999999999999995,0
2007-01-01,4.76,4.98,-0.11,-0.29,6.34,5.4,5.25,203.437,164,99.7546,4.6,16611.69,137472,7118.5,1.28,10.42,82.6003,0,1438.239990234375,0.015276023592677657,2.075765178123423,1.6586668297206675,5.767944965306149,0.9399999999999995,1
2007-02-01,4.72,5.03,-0.09,-0.6,6.28,5.39,5.26,204.226,166.8,100.7166,4.5,17469.65,137558,7134.6,1.09,15.42,81.4734,0,1406.8199462890625,-0.02705506224493759,2.420260782347028,2.595430111634367,5.621104679565958,0.8900000000000006,1
2007-03-01,4.56,4.94,0.07,-0.39,6.27,5.3,5.26,205.288,169.3,100.8952,4.4,17469.65,137782,7168.5,1.34,14.64,80.6091,0,1420.8599853515625,0.012607125902225569,2.798197295943927,2.5448388221316343,5.8940837580323535,0.9699999999999998,0
2007-04-01,4.69,4.87,0.03,-0.28,6.39,5.47,5.25,205.904,171.4,101.5723,4.5,16713.314,137845,7241,1.04,14.22,78.9872,0,1482.3699951171875,0.0405882168454712,2.5929247633283525,2.928277122815981,6.375789628323791,0.9199999999999999,0
2007-05-01,4.75,4.73,-0.02,0.17,6.39,5.47,5.25,206.755,173.3,101.6269,4.4,17469.65,137993,7254.9,1.21,13.05,79.0364,0,1530.6199951171875,0.029818976541114095,2.709885742672613,2.957731639167882,6.472064456478677,0.9199999999999999,0
2007-06-01,5.1,4.61,0.16,0.21,6.7,5.79,5.25,207.234,173.8,101.6547,4.6,17469.65,138069,7288.1,0.7,16.23,78.7698,0,1503.3499755859375,-0.0214731055419497,2.692765113974227,2.640251696792606,6.363012798995937,0.9100000000000001,0
2007-07-01,5,4.82,0.22,-0.18,6.65,5.73,5.26,207.603,175.1,101.4953,4.7,16809.587,138044,7319,0.51,23.52,77.7477,0,1455.27001953125,-0.04222638220363484,2.3178905864958077,2.5462969979318073,6.166320950405435,0.9199999999999999,1
2007-08-01,4.67,4.2,0.39,0.53,6.65,5.79,5.02,207.667,172.4,101.6943,4.6,17469.65,138013,7395.1,0.55,23.38,77.5001,0,1473.989990234375,0.005580485406460278,1.897448478900876,2.3033116140383614,6.783821639495757,0.8600000000000003,0
2007-09-01,4.52,3.89,0.62,0.77,6.59,5.74,4.94,208.547,173.5,101.9428,4.7,17469.65,138101,7413.3,0.4,18,74.5149,0,1526.75,0.025063417272003674,2.8338264299802685,2.7394416304021396,6.6262980755400935,0.8499999999999996,0
2007-10-01,4.53,3.9,0.54,0.54,6.48,5.66,4.76,209.19,174.7,101.6446,4.7,16915.191,138177,7428.4,0.61,18.53,72.7723,0,1549.3800048828125,0.0015125438005667569,3.610698365527476,2.544013542783752,6.089688660382753,0.8200000000000003,0
2007-11-01,4.15,3.27,0.93,0.82,6.4,5.44,4.49,210.834,179,102.2167,4.7,17469.65,138291,7453.8,0.43,22.87,73.1659,0,1481.1400146484375,-0.0180981197914728,4.373267326732666,3.1488562136023246,5.915452930728238,0.96,0
2007-12-01,4.1,3,0.99,0.68,6.65,5.49,4.24,211.445,178.6,102.2764,5,17469.65,138395,7484.2,0.25,22.5,73.3779,0,1468.3599853515625,-0.0027574051375116593,4.108813392417532,2.161468348108375,5.70306762329813,1.1600000000000001,0
2008-01-01,3.74,2.75,1.5,1.71,6.54,5.33,3.94,212.174,181,102.1493,5,16843.003,138391,7517.8,0.41,26.2,72.5045,1,1378.550048828125,-0.047410088539691864,4.294695655165981,2.4005910504377725,5.609327807824682,1.21,0
2008-02-01,3.74,2.12,1.88,1.68,6.82,5.53,2.98,212.687,182.7,101.7756,4.9,17469.65,138327,7604.2,0.32,26.54,70.9133,1,1330.6300048828125,-0.046430491910749105,4.142959270611968,1.0514652003741132,6.582008802175299,1.29,0
2008-03-01,3.51,1.26,1.83,2.07,6.89,5.51,2.61,213.448,187.9,101.4508,5.1,17469.65,138257,7670.3,0.19,25.61,70.2663,1,1322.699951171875,-0.006489713274035136,3.9749035501344343,0.5506703985918016,7.000069749598947,1.38,0
2008-04-01,3.68,1.29,1.48,2.34,6.97,5.55,2.28,213.942,190.9,100.7554,5,16943.291,138038,7712.8,0.18,20.79,70.8951,1,1385.5899658203125,0.011246632928015199,3.9037609759888126,-0.8042547033000225,6.515674630575896,1.42,0
2008-05-01,3.88,1.73,1.4,2.17,6.93,5.57,1.98,215.208,196.6,100.1336,5.4,17469.65,137851,7725.5,0,17.83,70.6806,1,1400.3800048828125,-0.00635755825762363,4.088413823123993,-1.4693944221461086,6.486650401797411,1.3599999999999994,0
2008-06-01,4.1,1.86,1.36,2.09,7.07,5.68,2,217.463,200.5,99.8728,5.6,17469.65,137698,7744.2,-0.12,23.95,70.894,1,1280,-0.07625916747427564,4.935966105947864,-1.752894848934683,6.2581468421124775,1.3900000000000006,1
2008-07-01,4.01,1.63,1.47,2.31,7.16,5.67,2.01,219.016,205.5,99.4194,5.8,16854.295,137498,7791.5,-0.41,22.94,71.6669,1,1267.3800048828125,-0.013643001323486836,5.497512078341837,-2.045316384108431,6.45579997267387,1.4900000000000002,1
2008-08-01,3.89,1.72,1.47,2.11,7.15,5.64,2,218.69,199,97.8491,6.1,17469.65,137211,7806.1,-0.79,20.65,75.0663,1,1282.8299560546875,0.01786853743440342,5.308017162091239,-3.781136209207392,5.557734175332318,1.5100000000000007,0
2008-09-01,3.69,1.13,1.85,2.93,7.31,5.65,1.81,218.877,196.9,93.5576,6.1,17469.65,136762,7872.7,-0.6,39.39,76.2423,1,1166.3599853515625,-0.08705519382644744,4.953319875136075,-8.225396987330157,6.196970310118299,1.6599999999999993,0
2008-10-01,3.81,0.67,2.45,3.55,8.88,6.28,0.97,216.995,186.4,94.4985,6.5,16485.35,136293,7975.3,-1.18,59.89,82.875,1,968.75,-0.16563317045517145,3.7310578899565128,-7.03047677889429,7.362285283506553,2.6000000000000005,0
2008-11-01,3.53,0.19,1.93,2.92,9.21,6.12,0.39,213.153,176.8,93.2617,6.8,17469.65,135543,8027.3,-1.77,55.84,83.3983,1,896.239990234375,-0.07250336173408312,1.0999174706166848,-8.760799360574156,7.694062089135745,3.0900000000000007,0
2008-12-01,2.42,0.03,1.49,2.14,8.43,5.05,0.16,211.398,170.9,90.6266,7.3,17469.65,134847,8205,-1.88,40,79.5258,1,903.25,0.10663919295793645,-0.02222800255385904,-11.390506509810672,9.630955880388026,3.38,0
2009-01-01,2.52,0.13,1.93,2.63,8.14,5.05,0.15,211.933,171.2,88.3712,7.8,16298.262,134078,8289.4,-2.32,44.84,82.8557,1,825.8800048828125,-0.1136724450501817,-0.11358601902212717,-13.488198157011356,10.263640958791132,3.0900000000000007,0
2009-02-01,2.87,0.3,2.02,2.76,8.08,5.27,0.22,212.705,169.3,87.843,8.3,17469.65,133317,8319.6,-2.29,46.35,85.2042,1,735.09002685546875,-0.10945674466794575,0.008463140671510772,-13.689528727907273,9.407958759632852,2.8100000000000005,1
2009-03-01,2.82,0.21,1.9,2.5,8.42,5.5,0.18,212.495,168.1,86.4689,8.7,17469.65,132492,8386.7,-2.65,44.14,83.3126,1,797.8699951171875,0.13848061810266032,-0.4464787676623838,-14.767650920446162,9.339921515455728,2.92,0
2009-04-01,2.93,0.16,2.25,3.02,8.39,5.39,0.15,212.709,169.1,85.7903,9,16269.145,131821,8391.4,-2.21,36.5,81.5908,1,872.80999755859375,0.07610837299411877,-0.5763244243767063,-14.852901184452637,8.798361165854152,3.000000000000001,0
2009-05-01,3.29,0.18,2.55,3.33,8.06,5.54,0.18,213.022,170.8,84.9436,9.4,17469.65,131468,8449.5,-1.29,28.92,76.2305,1,919.1400146484376,0.04742911180467435,-1.015761495855172,-15.169733236396176,9.371561711216092,2.5200000000000005,1
2009-06-01,3.72,0.18,2.42,3.34,7.5,5.61,0.21,214.79,174.1,84.6746,9.5,17469.65,131007,8459.5,-0.77,26.35,77.7917,1,919.32000732421875,-0.024976919315416235,-1.2291746182109153,-15.217556732163306,9.236589964102171,1.8899999999999997,1
2009-07-01,3.56,0.18,2.39,3.34,7.09,5.41,0.16,214.726,172.5,85.6853,9.5,16326.281,130662,8463.8,-0.21,25.92,75.0601,0,987.47998046875,0.06947674416683047,-1.9587610037622771,-13.814305859822129,8.628633767567218,1.6799999999999997,0
2009-08-01,3.59,0.17,2.43,3.25,6.58,5.26,0.16,215.445,175,86.6393,9.6,17469.65,130472,8463.3,-0.06,26.01,75.1246,0,1020.6199951171876,0.017942800581235208,-1.4838355663267633,-11.456211656520088,8.419056891405429,1.3200000000000003,0
2009-09-01,3.4,0.12,2.36,3.17,6.31,5.13,0.15,215.861,174.1,87.3821,9.8,17469.65,130247,8461.8,0.3,25.61,73.6187,0,1057.0799560546875,0.05915592494003907,-1.377942862886472,-6.600746492000653,7.482820379285382,1.1799999999999997,0
2009-10-01,3.39,0.07,2.51,3.36,6.29,5.15,0.12,216.509,175.2,87.5809,10,16502.754,130062,8488.1,0.17,30.69,73.343,0,1036.18994140625,0.006156203302044361,-0.22396829420033848,-7.320327835891582,6.42985216857046,1.1399999999999997,0
2009-11-01,3.4,0.05,2.54,3.15,6.32,5.19,0.12,217.234,177.4,87.9388,9.9,17469.65,130058,8517.3,0.46,24.51,71.8795,0,1095.6300048828125,0.05058108291751884,1.9145871744709275,-5.707487639620556,6.104169521507852,1.13,0
2009-12-01,3.59,0.05,2.71,3.79,6.37,5.26,0.12,217.347,178.1,88.2404,9.9,17469.65,129808,8512.5,0.65,21.68,74.0746,0,1115.0999755859375,0.005627392382092866,2.8141231232083674,-2.633001789761502,3.7477148080438782,1.1100000000000003,0
2010-01-01,3.73,0.06,2.81,3.55,6.25,5.26,0.11,217.488,181.9,89.1897,9.8,16582.71,129802,8478,0.54,24.62,75.1727,0,1073.8699951171875,-0.052180509648595996,2.6211113889767157,0.9262067279837805,2.275194827128635,0.9900000000000002,0
2010-02-01,3.69,0.11,2.8,3.48,6.34,5.35,0.13,217.281,181,89.5046,9.8,17469.65,129705,8527.6,0.76,19.5,75.3583,0,1104.489990234375,0.014047181530497,2.151336357866529,1.8915565269856272,2.500120198086453,0.9900000000000002,1
2010-03-01,3.73,0.15,2.82,3.68,6.27,5.27,0.16,217.353,183.3,90.1356,9.9,17469.65,129865,8523.7,1.1,17.59,75.4392,0,1169.4300537109375,0.04814879731673094,2.2861714393279886,4.240484150949064,1.6335388174132826,1,1
2010-04-01,3.85,0.16,2.72,3.53,6.25,5.29,0.2,217.403,184.4,90.4607,9.9,16743.162,130120,8555.1,1.14,22.05,75.909,0,1186.68994140625,0.0072913725475973745,2.2067707525304403,5.44397210407237,1.9508067783683414,0.96,1
2010-05-01,3.42,0.16,2.55,3.15,6.05,4.96,0.2,217.29,184.8,91.7014,9.6,17469.65,130643,8609.3,1.42,32.07,79.1945,0,1089.4100341796875,-0.0938648667254075,2.003548929218568,7.955631736823032,1.8912361678205647,1.0899999999999999,0
2010-06-01,3.2,0.12,2.36,2.79,6.23,4.88,0.18,217.199,183.5,91.9033,9.4,17469.65,130509,8628.4,1.45,34.54,78.861,0,1030.7099609375,-0.037358389722064844,1.1215605940686268,8.537034718794079,1.9965719014126027,1.3500000000000005,0
2010-07-01,3.01,0.16,2.39,2.79,6.01,4.72,0.18,217.605,184.1,92.2549,9.4,16872.266,130415,8639.8,1.41,23.5,75.4647,0,1101.5999755859375,0.07225243176415996,1.3407784804821077,7.667126099809418,2.0794442212717756,1.29,0
2010-08-01,2.7,0.16,2,2.33,5.66,4.49,0.19,217.923,184.9,92.5936,9.5,17469.65,130416,8688.2,0.89,26.05,76.7785,0,1049.3299560546875,-0.06797473068818383,1.1501775395112546,6.872516283026275,2.657355877730927,1.17,1
2010-09-01,2.65,0.15,2.11,2.37,5.66,4.53,0.19,218.275,184.9,92.8533,9.5,17469.65,130342,8718.9,0.51,23.7,73.5408,0,1141.199951171875,0.05638292486917118,1.1183122472331775,6.261236569045625,3.038360632489545,1.13,0
2010-10-01,2.54,0.13,2.29,2.51,5.72,4.68,0.19,219.035,186.6,92.6033,9.4,16960.864,130621,8768.7,0.79,21.2,72.1409,0,1183.260009765625,0.03229691848709648,1.1666951489314625,5.734583682058547,3.3058045970240757,1.04,0
2010-11-01,2.76,0.14,2.36,2.64,5.92,4.87,0.19,219.59,187.7,92.6686,9.8,17469.65,130749,8789.3,1.4,23.54,74.8061,0,1180.550048828125,-0.0032337223179197405,1.084544776600338,5.378513238752403,3.193500287649842,1.0499999999999998,0
2010-12-01,3.29,0.14,2.69,3.18,6.1,5.02,0.18,220.472,189.7,93.5916,9.3,17469.65,130830,8822.9,1.52,17.75,73.212,0,1257.6400146484375,0.04275877076453982,1.437793022217937,6.064342410052537,3.6464023494860553,1.08,0
2011-01-01,3.39,0.15,2.84,3.27,6.09,5.04,0.17,221.187,192.7,93.3889,9.1,16920.632,130837,8845.2,1.43,19.53,72.1074,0,1286.1199951171875,0.011203975292055635,1.7007834915029774,4.708166974437633,4.331210191082802,1.0499999999999998,0
2011-02-01,3.58,0.13,2.73,3.27,6.15,5.22,0.16,221.898,195.8,93.0045,9,17469.65,131056,8909,1.49,18.35,71.1884,0,1327.219970703125,0.015012355092903773,2.124898173333145,3.9103018168898496,4.4725362352830755,0.9300000000000006,0
2011-03-01,3.41,0.1,2.67,3.38,6.03,5.13,0.14,223.046,199.2,93.9684,9,17469.65,131282,8967,1.65,17.74,70.4954,0,1325.8299560546875,0.014927315958437326,2.619241510354109,4.252259928374591,5.200793082816135,0.9000000000000004,0
2011-04-01,3.46,0.06,2.71,3.28,6.02,5.16,0.1,224.093,203.1,93.6571,9.1,17035.114,131597,9030.4,1.53,14.75,68.1169,0,1363.6099853515625,0.02341617848223687,3.0772344447868694,3.5334681248321065,5.555750371123658,0.8599999999999994,0
2011-05-01,3.17,0.04,2.6,2.99,5.78,4.96,0.09,224.806,204.1,93.7723,9,17469.65,131704,9102.7,1.3,15.45,69.4582,0,1345.199951171875,-0.011768869011652083,3.4589718808964998,2.258307942953963,5.7310118128071075,0.8200000000000003,0
2011-06-01,3,0.04,2.73,3.15,5.75,4.99,0.09,224.806,203.9,94.0493,9.1,17469.65,131931,9176.7,1.23,16.52,69.1089,0,1320.6400146484375,0.0046327378906123595,3.5023181506360412,2.335063049966646,6.3545964489360784,0.7599999999999998,0
2011-07-01,3,0.04,2.46,2.72,5.76,4.93,0.07,225.395,204.6,94.4958,9,17031.313,131993,9338.7,1.31,25.25,68.2882,0,1292.280029296875,-0.03537439301760792,3.5798809769996165,2.4290308699050023,8.089307622861664,0.8300000000000001,0
2011-08-01,2.3,0.02,2.03,2.21,5.36,4.37,0.1,226.106,203.2,95.0974,9,17469.65,132125,9525.1,1.64,31.62,68.8417,0,1218.8900146484375,-0.05287731351585356,3.75499603070808,2.7040745796685695,9.63260514260722,0.9900000000000002,1
2011-09-01,1.98,0.01,1.67,1.9,5.27,4.09,0.08,226.597,203.7,95.0244,9,17469.65,132344,9545.3,1.38,42.96,72.8553,0,1131.4200439453125,-0.060610083971098905,3.812621692818685,2.3382044579998817,9.478259872231586,1.1799999999999997,0
2011-10-01,2.15,0.02,1.92,2.16,5.37,3.98,0.07,226.75,201.1,95.6891,8.8,17222.583,132553,9578.1,1.56,29.96,70.5159,0,1253.300048828125,0.14016181426717833,3.5222681306640524,3.3322786552962835,9.230558691710279,1.3900000000000001,0
2011-11-01,2.01,0.01,1.83,2.07,5.14,3.87,0.08,227.169,201.4,95.6778,8.6,17469.65,132690,9629.8,1.81,27.8,72.3977,0,1246.9599609375,0.023541329539135125,3.451432214581729,3.247270380689904,9.562763815093355,1.2699999999999996,1
2011-12-01,1.98,0.01,1.64,1.87,5.25,3.93,0.07,227.223,199.8,96.1809,8.5,17469.65,132888,9677.4,1.73,23.4,73.4051,0,1257.5999755859375,0.010461376521379462,3.062066838419386,2.7665944379623664,9.68502419839281,1.3199999999999998,0
2012-01-01,1.97,0.03,1.61,1.77,5.23,3.85,0.08,227.842,200.7,96.7595,8.3,17367.01,133245,9750.5,1.97,19.44,72.6719,0,1312.4100341796875,0.027680746373716758,3.0087663379855023,3.609208374871109,10.234929679374115,1.3800000000000003,1
2012-02-01,1.97,0.09,1.68,1.9,5.14,3.85,0.1,228.329,201.6,97.0662,8.3,17469.65,133508,9802.2,1.89,18.43,72.19,0,1365.6800537109375,0.031410318757954414,2.8981784423473878,4.367208038320736,10.02581658996522,1.2899999999999996,1
2012-03-01,2.17,0.08,1.9,2.16,5.23,3.99,0.13,228.807,204.2,96.5609,8.2,17469.65,133748,9846.2,1.94,15.5,72.7835,0,1408.469970703125,0.02502019935957267,2.5828752813320977,2.7589061854836228,9.804839968774392,1.2400000000000002,1
2012-04-01,2.05,0.08,1.68,1.85,5.19,3.96,0.14,229.187,203.7,97.251,8.2,17444.525,133825,9899.8,1.82,17.15,72.3277,0,1397.9100341796875,-0.014890351435588922,2.2731633741348567,3.83729583768877,9.6274805102764,1.2300000000000004,1
2012-05-01,1.8,0.09,1.32,1.52,5.07,3.8,0.16,228.713,201.9,97.4595,8.2,17469.65,133933,9943,1.73,24.06,75.6958,0,1310.3299560546875,-0.06792476553376525,1.7379429374660749,3.932078023040919,9.231326968921305,1.2700000000000005,1
2012-06-01,1.62,0.09,1.34,1.58,5.02,3.64,0.16,228.524,199.8,97.4768,8.2,17469.65,134012,10013,1.5,17.08,74.5564,0,1362.1600341796875,0.06581953033247157,1.653870448297634,3.6443652424845263,9.113297808580413,1.3799999999999994,0
2012-07-01,1.53,0.1,1.28,1.4,4.87,3.4,0.16,228.59,200.1,97.6714,8.2,17469.65,134157,10065.7,1.47,18.93,74.6945,0,1379.3199462890625,0.010113390912314113,1.4175114798464783,3.3605726392072377,7.784809448852625,1.4700000000000002,0
2012-08-01,1.68,0.1,1.35,1.48,4.91,3.48,0.13,229.918,202.7,97.2734,8.1,17469.65,134338,10136.4,1.44,17.47,73.6939,0,1406.5799560546875,0.022729263725122184,1.6859349154821235,2.288180328799738,6.417780390757044,1.4300000000000002,0
2012-09-01,1.72,0.11,1.42,1.55,4.84,3.49,0.14,231.015,204.4,97.2217,7.8,17469.65,134517,10216.6,1.62,15.73,72.8154,0,1440.6700439453125,0.025431765078369972,1.9497168982819613,2.312353458690608,7.032780530732419,1.3499999999999996,1
2012-10-01,1.75,0.1,1.42,1.61,4.58,3.47,0.16,231.638,203.5,97.5311,7.8,17489.852,134668,10282.8,1.82,18.6,73.2459,0,1412.1600341796875,-0.022381571539614398,2.1556780595369363,1.9249841413494284,7.357409089485367,1.1099999999999999,1
2012-11-01,1.65,0.09,1.37,1.54,4.51,3.5,0.16,231.249,201.8,97.9084,7.7,17469.65,134825,10351.8,1.37,15.87,73.4087,0,1416.1800537109375,-0.007992429466831319,1.7960197033926262,2.3313663148609054,7.497559658559894,1.0099999999999998,0
2012-12-01,1.72,0.07,1.53,1.73,4.63,3.65,0.16,231.221,201.5,98.1884,7.9,17469.65,135074,10474.4,1.58,18.02,73.5633,0,1426.18994140625,0.011869780577251854,1.7595049796895523,2.0872127418229747,8.235683138032934,0.98,0
2013-01-01,1.91,0.07,1.75,1.95,4.73,3.8,0.14,231.679,202.5,98.1736,8,17662.4,135257,10497.6,1.71,14.28,73.4909,0,1498.1099853515625,0.024404712964659403,1.684061762098299,1.461458564792073,7.662171170709198,0.9300000000000006,0
2013-02-01,1.98,0.1,1.64,1.78,4.85,3.9,0.15,232.937,204.3,98.6434,7.7,17469.65,135545,10516.6,2,15.51,75.7396,0,1514.6800537109375,9.97911485009162e-4,2.0181404902574807,1.6248704492398014,7.288159800861016,0.9499999999999997,1
2013-03-01,1.96,0.09,1.62,1.8,4.85,3.93,0.14,232.282,204,99.047,7.5,17469.65,135689,10572.9,1.8,12.7,76.3538,0,1569.18994140625,0.03358581996726895,1.5187472411246183,2.5746446025254555,7.380512278848683,0.9199999999999995,0
2013-04-01,1.76,0.06,1.48,1.65,4.59,3.73,0.15,231.797,203.5,98.9445,7.6,17709.671,135873,10600.4,1.71,13.52,75.5569,0,1597.5699462890625,0.02266072280732412,1.138808047576867,1.7413702686861932,7.076910644659495,0.8599999999999999,1
2013-05-01,1.93,0.04,1.86,2.12,4.73,3.89,0.11,231.893,204.1,99.0383,7.5,17469.65,136095,10634.7,1.67,16.3,77.3766,0,1630.739990234375,0.030353219526499498,1.3903888279197085,1.6199549556482395,6.956652921653439,0.8400000000000003,0
2013-06-01,2.3,0.05,2.16,2.48,5.19,4.27,0.09,232.445,204.3,99.2221,7.5,17469.65,136279,10692.3,1.56,16.86,77.5759,0,1606.280029296875,-0.0208117517061841,1.7157935271568725,1.7904773238350158,6.784180565265152,0.9200000000000008,0
2013-07-01,2.58,0.04,2.29,2.56,5.32,4.34,0.09,232.9,204.4,98.8987,7.3,17860.45,136391,10731.5,1.54,13.45,76.3379,0,1685.72998046875,0.04382153195313099,1.885471805415806,1.256560262267148,6.6145424560636545,0.9800000000000004,0
2013-08-01,2.74,0.04,2.39,2.75,5.42,4.54,0.08,233.456,204.2,99.4897,7.2,17469.65,136646,10789.6,1.67,17.01,77.0156,0,1632.969970703125,-0.043295637409683785,1.538809488600279,2.2784234950150806,6.444102442681832,0.8799999999999999,0
2013-09-01,2.81,0.02,2.31,2.62,5.47,4.64,0.08,233.544,203.9,100.021,7.2,17469.65,136821,10850,1.75,16.6,75.1936,0,1681.550048828125,0.025479200619132225,1.0947341081747997,2.879295465929932,6.199714190630923,0.8300000000000001,0
2013-10-01,2.62,0.05,2.26,2.53,5.31,4.53,0.09,233.669,202.5,99.9037,7.2,18016.147,137041,10974.2,1.39,13.75,75.3804,0,1756.5400390625,0.03630680770648964,0.8767991434911471,2.432659941290538,6.723849535146087,0.7799999999999994,1
2013-11-01,2.72,0.07,2.47,2.69,5.38,4.63,0.08,234.1,201.2,100.1582,6.9,17469.65,137316,10982.9,1.54,13.7,76.206,0,1805.81005859375,0.025073251957283382,1.2328701961954458,2.2978620833350227,6.096524275971338,0.75,0
2013-12-01,2.9,0.07,2.66,2.97,5.38,4.62,0.09,234.719,202,100.374,6.7,17469.65,137373,11047.8,1.5,13.72,76.1421,0,1848.3599853515625,0.026353467873899028,1.5128383667573297,2.2259248546671495,5.474299243870773,0.7599999999999998,1
2014-01-01,2.86,0.04,2.33,2.65,5.19,4.49,0.07,235.288,203.8,99.9899,6.6,17953.974,137561,11117.6,1.85,18.41,77.5941,0,1782.5899658203125,-0.026959909592352616,1.557758795574915,1.8500900445741042,5.906111873190056,0.7000000000000002,0
2014-02-01,2.71,0.05,2.33,2.61,5.1,4.45,0.07,235.547,205.7,100.7471,6.7,17469.65,137712,11183.2,1.41,14,76.5391,0,1859.449951171875,0.06748987337594015,1.1204746347724948,2.132631275888719,6.338550482094973,0.6499999999999995,0
2014-03-01,2.72,0.05,2.29,2.68,5.06,4.38,0.08,236.028,207,101.7435,6.7,17469.65,137985,11219.1,1.49,13.88,76.6267,0,1872.3399658203125,0.014417052132839281,1.6126949139408042,2.722444899896015,6.111851998978524,0.6799999999999997,1
2014-04-01,2.71,0.03,2.25,2.64,4.9,4.24,0.09,236.468,208.3,101.8273,6.2,18185.911,138297,11264,1.79,13.41,76.0492,0,1883.949951171875,-8.326977932407997e-4,2.015125303606169,2.91355254713499,6.26014112674993,0.6600000000000001,1
2014-05-01,2.56,0.03,2.11,2.44,4.76,4.16,0.09,236.918,208,102.2392,6.3,17469.65,138512,11328.5,1.85,11.4,76.4505,0,1923.5699462890625,0.021176575342261472,2.166947687079812,3.231981970611364,6.523926391905732,0.5999999999999996,0
2014-06-01,2.6,0.04,2.06,2.49,4.8,4.25,0.1,237.231,208.3,102.5774,6.1,17469.65,138849,11383.7,1.95,11.57,75.7123,0,1960.22998046875,0.018317173931157837,2.0589816945944195,3.3816055092565023,6.466335587291794,0.5499999999999998,1
2014-07-01,2.54,0.03,2.05,2.55,4.73,4.16,0.09,237.498,208,102.7954,6.2,18406.941,139073,11438.4,1.92,16.95,77.2063,0,1930.6700439453125,-0.021613272811616513,1.9742378703305974,3.9400922357927914,6.587149979033691,0.5700000000000003,0
2014-08-01,2.42,0.03,1.87,2.32,4.69,4.08,0.09,237.46,207,102.6322,6.1,17469.65,139269,11462.5,1.74,11.98,77.9776,0,2003.3699951171875,0.040630584479737886,1.7150983482969062,3.158618429847504,6.236561132942819,0.6100000000000003,0
2014-09-01,2.53,0.02,1.94,2.5,4.8,4.11,0.09,237.477,206.4,102.9417,5.9,17469.65,139563,11503.7,1.97,16.31,81.0756,0,1972.2900390625,-0.014977920068905859,1.6840509711232077,2.9200867817758214,6.024884792626728,0.6899999999999995,0
2014-10-01,2.3,0.02,1.85,2.34,4.69,3.92,0.09,237.43,203.4,102.9611,5.7,18500.031,139797,11577.5,2.04,14.03,81.8583,0,2018.050048828125,0.03693941576533266,1.6095417021513292,3.0603471142710337,5.4974394488892075,0.7700000000000005,0
2014-11-01,2.33,0.02,1.71,2.16,4.79,3.92,0.09,236.983,200.9,103.5978,5.8,17469.65,140090,11618.2,1.74,13.33,83.3705,0,2067.56005859375,0.024655442561660967,1.231524989320798,3.4341671475725644,5.784446730827031,0.8700000000000001,0
2014-12-01,2.21,0.03,1.5,2.13,4.74,3.79,0.12,236.252,197,103.6151,5.6,17469.65,140364,11701.9,2.02,19.2,85.0652,0,2058.89990234375,0.002658933834588151,0.6531213919623191,3.2290234522884376,5.920635782689776,0.9500000000000002,1
2015-01-01,1.88,0.03,1.21,1.66,4.45,3.46,0.11,234.747,192,102.7923,5.7,18666.621,140568,11788.8,1.7,20.97,89.6269,0,1994.989990234375,-0.030711282886538904,-0.22993097820542818,2.802683070990164,6.037274231848588,0.9900000000000002,0
2015-02-01,1.98,0.02,1.37,1.98,4.51,3.61,0.11,235.342,191.1,102.1366,5.5,17469.65,140827,11905.6,1.7,13.34,89.6803,0,2104.5,0.04139348562468537,-0.08703146293520536,1.3791960264861292,6.459689534301449,0.8999999999999999,0
2015-03-01,2.04,0.03,1.38,1.91,4.54,3.64,0.11,235.976,191.5,101.7869,5.4,17469.65,140923,11903.7,1.7,15.29,92.0599,0,2067.889892578125,-0.023377838995787825,-0.022031284423873476,0.04265628762525342,6.102093750835635,0.8999999999999999,0
2015-04-01,1.94,0.02,1.47,2.04,4.48,3.52,0.12,236.222,190.9,101.2255,5.4,18782.243,141196,11937.6,1.71,14.55,89.0096,0,2085.510009765625,0.01253590059373022,-0.10403098939391064,-0.5910006452100713,5.980113636363638,0.9600000000000004,1
2015-05-01,2.2,0.02,1.51,2.11,4.89,3.98,0.12,237.001,193.4,100.7675,5.6,17469.65,141538,11965,1.89,13.84,90.8242,0,2107.389892578125,-4.269557165745841e-4,0.03503321824429584,-1.4394674449721867,5.618572626561336,0.9099999999999997,0
2015-06-01,2.36,0.02,1.71,2.34,5.13,4.19,0.13,237.657,194.8,100.4588,5.3,17469.65,141709,12005.6,1.68,18.23,89.8171,0,2063.110107421875,-0.023023716808757255,0.1795718097550525,-2.0653672251392585,5.463074395846679,0.9399999999999995,1
2015-07-01,2.32,0.03,1.53,2.12,5.2,4.15,0.13,238.034,193.9,101.0893,5.2,18857.418,141991,12049.2,1.84,12.12,91.9203,0,2103.840087890625,0.012717778306361449,0.22568611104094582,-1.6597046171326846,5.339907679395739,1.0499999999999998,0
2015-08-01,2.17,0.07,1.47,2.13,5.19,4.04,0.14,238.033,191.9,100.9165,5.1,17469.65,142125,12093.7,1.76,28.43,91.6432,0,1972.1800537109375,-0.059989315269599164,0.2413037985344868,-1.6716975763941488,5.506652126499456,1.1500000000000004,1
2015-09-01,2.17,0.02,1.42,2.06,5.34,4.07,0.14,237.498,189.1,100.633,5,17469.65,142275,12154.8,1.78,24.5,92.1031,0,1920.030029296875,0.003229121294654025,0.008842961634170088,-2.2427257369948217,5.659918113302664,1.2699999999999996,0
2015-10-01,2.07,0.02,1.41,2.08,5.34,3.95,0.12,237.733,187.5,100.1563,5,18892.206,142579,12206.1,1.59,15.07,91.8307,0,2079.360107421875,0.0808496457440524,0.12761656067050708,-2.724135620151691,5.4294968689267975,1.3899999999999997,0
2015-11-01,2.26,0.12,1.27,1.99,5.46,4.06,0.12,238.017,185.7,99.4366,5.1,17469.65,142808,12297.5,1.55,16.13,94.6528,0,2080.409912109375,-0.011235539160257435,0.4363182169185187,-4.016687613057424,5.846860959528999,1.4000000000000004,0
2015-12-01,2.24,0.23,1.21,2.11,5.46,3.97,0.24,237.761,183.5,98.9471,5,17469.65,143077,12368.7,1.63,18.21,94.2472,0,2043.93994140625,-0.027912635450489165,0.6387247515364791,-4.505134869338534,5.698219947188066,1.4899999999999998,1
2016-01-01,2.09,0.26,1.18,1.61,5.45,4,0.34,237.652,182.6,99.4391,4.8,19001.69,143210,12506,1.4,20.2,95.3746,0,1940.239990234375,-0.0359822536918557,1.2375025026943876,-3.2621120453574792,6.083740499457124,1.4500000000000002,1
2016-02-01,1.78,0.31,0.96,1.41,5.34,3.96,0.38,237.336,181.3,98.9232,4.9,17469.65,143407,12578.2,1.72,20.55,93.2101,0,1932.22998046875,-0.00368675782779071,0.8472775790126619,-3.1461787449357126,5.649442279263539,1.38,1
2016-03-01,1.89,0.29,1.05,1.57,5.13,3.82,0.36,238.08,182.1,98.1635,5,17469.65,143662,12629,1.61,13.95,89.7172,0,2059.739990234375,0.04114035213831757,0.8916160965521946,-3.559790110515204,6.093063501264306,1.31,0
2016-04-01,1.81,0.23,1.06,1.61,4.79,3.62,0.37,238.992,183.2,98.4775,5.1,19062.709,143855,12708,1.56,15.7,87.9695,0,2065.300048828125,-0.003608670656329749,1.1726257503534843,-2.7147309719388835,6.453558504221957,1.17,1
2016-05-01,1.81,0.27,0.97,1.5,4.68,3.65,0.37,239.557,185.3,98.2549,4.8,17469.65,143900,12775,1.43,14.19,90.8375,0,2096.949951171875,0.007456421806626423,1.0784764621246223,-2.4934626739772203,6.76974508984538,1.0299999999999998,0
2016-06-01,1.64,0.27,0.91,1.23,4.53,3.5,0.38,240.222,187.6,98.7315,4.9,17469.65,144146,12835.4,1.45,15.63,90.584,0,2098.860107421875,-2.2386698881804445e-4,1.0792865347959424,-1.7194113407685507,6.911774505230883,1.0300000000000002,1
2016-07-01,1.5,0.3,0.79,1.18,4.22,3.28,0.39,240.101,187.7,98.8452,4.8,19197.938,144520,12889.7,1.5,11.87,90.0326,0,2173.60009765625,0.0335957336716477,0.8683633430518256,-2.21991842855771,6.975566842611958,0.94,1
2016-08-01,1.56,0.3,0.78,1.25,4.24,3.32,0.4,240.545,186.6,98.7427,4.9,17469.65,144662,12973.9,1.54,13.42,90.5736,0,2170.949951171875,5.060864771322393e-5,1.0553158595656864,-2.154058057899355,7.278169625507491,0.9200000000000004,1
2016-09-01,1.63,0.29,0.83,1.31,4.31,3.41,0.4,241.176,186.9,98.6552,5,17469.65,144967,13034.2,1.36,13.29,89.9324,0,2168.27001953125,-0.0011931159828170168,1.5486446201652182,-1.9653592757842842,7.235001809984554,0.8999999999999995,0
2016-10-01,1.76,0.33,0.98,1.5,4.38,3.51,0.4,241.741,186.7,98.7237,4.9,19304.352,145066,13107.5,1.27,17.06,92.5634,0,2126.14990234375,-0.016217864899136125,1.685924966243646,-1.4303643405357502,7.384832174076883,0.8700000000000001,0
2016-11-01,2.14,0.45,1.26,1.89,4.71,3.86,0.41,242.026,186.3,98.3443,4.7,17469.65,145183,13181,1.7,13.33,95.2186,0,2198.81005859375,0.0412413052387941,1.6843334719788938,-1.0984888863858955,7.184387070542786,0.8500000000000001,1
2016-12-01,2.49,0.51,1.25,1.94,4.83,4.06,0.54,242.637,188.2,99.0406,4.7,17469.65,145408,13226.1,1.62,14.04,95.7228,0,2238.830078125,0.021792905004577312,2.0507989115119862,0.09449493719371205,6.932013873729659,0.7700000000000005,1
2017-01-01,2.43,0.51,1.26,1.93,4.66,3.92,0.65,243.618,190.7,98.8158,4.7,19398.343,145628,13300.7,1.73,11.99,93.1297,0,2278.8701171875,0.009318699075872239,2.5103933482571117,-0.6268158098776011,6.354549816088273,0.7400000000000002,1
2017-02-01,2.42,0.52,1.14,1.83,4.64,3.95,0.66,244.006,191.6,98.4356,4.6,17469.65,145848,13367.3,1.58,12.92,94.2571,0,2363.639892578125,0.03688879030895986,2.8103616813294208,-0.4929076293528678,6.273552654592862,0.6899999999999995,1
2017-03-01,2.48,0.74,1.13,1.64,4.68,4.01,0.79,243.892,191.5,99.0492,4.4,17469.65,145969,13428.7,1.73,12.37,93.9602,0,2362.719970703125,-0.013873349628667708,2.44119623655914,0.9022701920774923,6.332251167946801,0.6699999999999999,1
2017-04-01,2.3,0.8,1.01,1.49,4.57,3.87,0.9,244.193,193,100.0416,4.4,19506.949,146174,13484.7,1.59,10.82,93.7181,0,2384.199951171875,0.010750988764112401,2.176223471915395,1.588281587164575,6.111898016997164,0.7000000000000002,1
2017-05-01,2.3,0.89,0.93,1.23,4.55,3.85,0.91,244.004,192.8,100.128,4.4,17469.65,146380,13536.7,1.42,10.41,92.0418,0,2411.800048828125,0.009826937623944598,1.8563431667619756,1.9063680284647333,5.962426614481409,0.6999999999999997,1
2017-06-01,2.19,0.98,0.93,1.28,4.37,3.68,1.04,244.163,193.6,100.337,4.3,17469.65,146583,13558.5,1.52,11.18,90.4944,0,2423.409912109375,-0.002736618159233206,1.640565809959127,1.6261274264039338,5.633638219299741,0.69,1
2017-07-01,2.32,1.07,0.96,1.23,4.39,3.7,1.15,244.243,193.5,100.0865,4.3,19660.766,146772,13615.4,1.43,10.26,87.7956,0,2470.300048828125,0.016998710954873264,1.7251073506566073,1.255802001513473,5.6300767279300334,0.6899999999999995,1
2017-08-01,2.21,1.01,0.79,1.11,4.31,3.63,1.16,245.183,193.8,99.6323,4.4,17469.65,146919,13674.6,1.39,10.59,87.7545,0,2471.64990234375,-0.0018980334472692428,1.92812155729698,0.9009273596934264,5.400843231410768,0.6799999999999997,1
2017-09-01,2.2,1.03,0.86,1.27,4.3,3.63,1.15,246.435,194.8,99.7482,4.3,17469.65,147007,13723,1.2,9.51,88.1008,0,2519.360107421875,0.017286167349618964,2.1805652303711787,1.107899026103043,5.284559083027718,0.6699999999999999,0
2017-10-01,2.36,1.07,0.78,1.23,4.32,3.6,1.15,246.626,194.9,100.9893,4.2,19882.352,147150,13782.3,1.59,10.18,89.7401,0,2575.260009765625,0.018243456395987456,2.020757753132485,2.2948896769468874,5.148197596795723,0.7200000000000002,0
2017-11-01,2.35,1.23,0.64,1.15,4.27,3.57,1.16,247.284,195.9,101.2493,4.2,17469.65,147373,13814.9,1.45,11.28,88.6542,0,2647.580078125,0.026448408854129468,2.172493864295566,2.953907852310711,4.809195053486071,0.6999999999999997,1
2017-12-01,2.4,1.32,0.51,1.01,4.22,3.51,1.3,247.805,196.3,101.4871,4.1,17469.65,147523,13873.8,1.48,11.04,87.4741,0,2673.610107421875,0.011880213255067051,2.129930719552253,2.4701990900701354,4.897135209925829,0.71,1
2018-01-01,2.58,1.41,0.58,1.26,4.26,3.55,1.41,248.859,197.9,101.4852,4,20044.077,147660,13883.2,1.55,13.54,84.855,0,2823.81005859375,0.047481089994437564,2.151318868063945,2.7013898587068264,4.3794687497650475,0.71,1
2018-02-01,2.86,1.57,0.62,1.22,4.51,3.82,1.42,249.529,199.3,101.7319,4.1,17469.65,148054,13919.3,1.66,19.85,86.4919,0,2713.830078125,-0.03832412103993221,2.263468931091861,3.3486868571939388,4.129480149319598,0.69,1
2018-03-01,2.84,1.7,0.47,1.01,4.64,3.87,1.51,249.577,199.3,102.1943,4,17469.65,148280,13976,1.69,19.97,86.2665,0,2640.8701171875,-0.013743219202212775,2.3309497646499366,3.1752906636297817,4.075599276177133,0.7699999999999996,1
2018-04-01,2.87,1.76,0.46,1.08,4.67,3.85,1.69,250.227,200.3,103.3551,4,20150.476,148422,13993.9,1.59,15.93,87.6277,0,2648.050048828125,0.025628677172829795,2.4709963021052994,3.3121221571825954,3.7761314675150315,0.8199999999999998,1
2018-05-01,2.98,1.86,0.43,0.9,4.83,4,1.7,250.792,203.2,102.381,3.8,17469.65,148740,14049.6,1.57,15.43,89.2677,0,2705.27001953125,0.019010836889732374,2.781921607842497,2.2501198465963546,3.7889589043119676,0.8300000000000001,1
2018-06-01,2.91,1.9,0.33,0.92,4.83,3.96,1.82,251.018,204.2,103.2256,4,17469.65,148959,14109.9,1.55,16.09,89.9735,0,2718.3701171875,-0.005942324455914805,2.8075506935940187,2.878898113357975,4.066821551056532,0.8700000000000001,1
2018-07-01,2.89,1.96,0.29,0.93,4.79,3.87,1.91,251.214,204.3,103.3561,3.8,20276.154,149020,14144.2,1.36,12.83,89.7843,0,2816.2900390625,0.032852807745712864,2.854124785561929,3.2667742402821442,3.883837419392755,0.9199999999999999,1
2018-08-01,2.89,2.03,0.24,0.75,4.77,3.88,1.91,251.663,203.4,104.0585,3.8,17469.65,149279,14193.9,1.46,12.86,90.2569,0,2901.52001953125,0.03133616342849321,2.6429238568742575,4.442535201937514,3.7975516651309604,0.8899999999999997,0
2018-09-01,3,2.13,0.24,0.86,4.88,3.98,1.95,252.182,203.6,104.1038,3.7,17469.65,149358,14229.3,1.25,12.12,90.1109,0,2913.97998046875,0.0059584667969942995,2.332055105808828,4.366595086427627,3.6894265102382917,0.8999999999999999,1
2018-10-01,3.15,2.25,0.28,0.81,5.07,4.14,2.19,252.772,204.6,103.9297,3.8,20304.874,149526,14241.4,1.31,21.23,91.7392,0,2711.739990234375,-0.07277946353492881,2.492032470218053,2.91159558487879,3.3310840715990775,0.9300000000000006,1
2018-11-01,3.12,2.33,0.21,0.64,5.22,4.22,2.2,252.594,202.3,104.0126,3.8,17469.65,149617,14260.8,1,18.07,92.0345,0,2760.169921875,0.00722523011155185,2.147328577667773,2.729204053756429,3.2276744674228475,1,1
2018-12-01,2.83,2.37,0.21,0.24,5.13,4.02,2.27,252.767,201,104.0451,3.9,17469.65,149809,14382.6,0.99,25.42,91.7941,0,2506.85009765625,-0.10160659970693009,2.0023809043401064,2.5205173859534913,3.6673442027418623,1.1100000000000003,1
2019-01-01,2.71,2.37,0.18,0.22,5.12,3.93,2.4,252.561,199.1,103.3598,4,20431.641,150059,14446.1,1,16.57,90.5297,0,2704.10009765625,0.07731782731449588,1.4875893578291333,1.847165892169489,4.054540739887047,1.19,1
2019-02-01,2.68,2.39,0.21,0.28,4.95,3.79,2.4,253.319,199.2,102.8251,3.8,17469.65,150065,14481.2,1.1,14.78,91.1604,0,2784.489990234375,0.028804395330412458,1.5188615351321877,1.0745891898214843,4.036840933092911,1.1600000000000001,0
2019-03-01,2.57,2.4,0.14,0.01,4.84,3.77,2.41,254.277,200.8,102.8361,3.8,17469.65,150295,14526.2,1.2,13.71,92.0715,0,2834.39990234375,0.010953408393688857,1.8831863513063984,0.628019370943389,3.9367487120778533,1.0699999999999998,1
2019-04-01,2.53,2.38,0.24,0.08,4.7,3.69,2.42,255.233,202.1,102.2748,3.7,20602.275,150593,14554.5,1.4,13.12,92.5432,0,2945.830078125,0.0274275992612405,2.000583470209061,-1.045231439957961,4.006031199308269,1.0100000000000002,1
2019-05-01,2.4,2.35,0.19,-0.21,4.63,3.67,2.39,255.296,201.7,102.4176,3.6,17469.65,150621,14652.4,1.38,18.71,92.7575,0,2752.06005859375,-0.058716065786443394,1.7959105553606136,0.035748820581926744,4.290513608928359,0.96,0
2019-06-01,2.07,2.17,0.25,-0.12,4.46,3.42,2.38,255.213,200.3,102.5425,3.6,17469.65,150839,14771.4,1.11,15.08,90.8599,0,2941.760009765625,0.07189420907803368,1.671194894390049,-0.6617544485088889,4.688197648459602,1.04,0
2019-07-01,2.06,2.1,0.13,-0.06,4.28,3.29,2.4,255.802,200.7,102.0057,3.7,20843.322,150936,14853.5,1.3,16.12,92.2976,0,2980.3798828125,0.005414310911574294,1.826331335037068,-1.306550847023058,5.014776374768459,0.9900000000000002,1
2019-08-01,1.63,1.95,0,-0.49,3.87,2.98,2.13,256.036,199.2,102.7814,3.6,17469.65,151171,14934.7,1.32,18.98,92.8788,0,2926.4599609375,-0.009175400912332488,1.7376412106666406,-1.2272904183704303,5.219143434855833,0.8900000000000001,0
2019-09-01,1.7,1.89,0.05,-0.2,3.91,3.03,2.04,256.43,198.4,102.4601,3.5,17469.65,151365,15031.4,1.5,16.24,93.2535,0,2976.739990234375,0.024247564826922474,1.6844977040391562,-1.5789049006856737,5.636960356447607,0.8800000000000003,0
2019-10-01,1.71,1.65,0.17,0.15,3.92,3.01,1.83,257.155,198.6,101.5878,3.6,20985.448,151460,15167.3,1.41,13.22,91.7069,0,3037.56005859375,0.03309584511308561,1.7339736996186295,-2.2533501010779333,6.501467552347373,0.9100000000000001,0
2019-11-01,1.81,1.54,0.17,0.19,3.94,3.06,1.55,257.879,199,102.1494,3.6,17469.65,151668,15276.9,1.38,12.62,92.7133,0,3140.97998046875,0.024151367494335885,2.092290394862917,-1.791321436056792,7.125126220127909,0.8799999999999999,0
2019-12-01,1.86,1.54,0.34,0.37,3.88,3.01,1.55,258.63,199,101.9421,3.6,17469.65,151795,15348,1.48,13.78,90.8221,0,3230.780029296875,0.037544890348532034,2.3195274699624457,-2.0212388666068892,6.712277335113259,0.8700000000000001,0
2020-01-01,1.76,1.52,0.18,-0.04,3.77,2.94,1.55,259.127,199.3,101.3372,3.6,20693.238,152031,15416.8,1.57,18.84,85.20485,0,3225.52001953125,-0.009923746383622367,2.599767976845202,-1.9568536316827312,6.719460615667883,0.8300000000000001,0
2020-02-01,1.5,1.52,0.27,-0.14,3.61,2.78,1.58,259.25,196.7,101.6718,3.5,17469.65,152292,15467,1.72,40.11,85.20485,0,2954.219970703125,-0.09070705288476277,2.3413166797595197,-1.1216133025885755,6.807446896666014,0.8300000000000001,1
2020-03-01,0.87,0.29,0.47,0.59,4.29,3.02,0.65,258.076,193.1,97.606,4.4,17469.65,150895,15993.8,1.395,53.54,85.20485,1,2584.590087890625,-0.1636253274914593,1.4940399642909163,-5.085859926621106,10.10312401040876,1.27,0
2020-04-01,0.66,0.14,0.44,0.55,4.13,2.43,0.05,256.032,185.5,84.6812,14.8,19056.617,130424,17005.8,1.395,34.15,85.20485,1,2912.429931640625,0.1788827895732139,0.3130472940411133,-17.202282478186216,16.842213748325264,1.6999999999999997,0
2020-05-01,0.67,0.13,0.49,0.51,3.95,2.5,0.05,255.802,188.6,86.0108,13.2,17469.65,133040,17853.4,1.395,27.51,85.20485,0,3044.31005859375,0.07545813615800756,0.1982013035848551,-16.019512271328352,21.846250443613346,1.4500000000000002,0
2020-06-01,0.73,0.16,0.5,0.5,3.64,2.44,0.08,257.042,191.2,91.6745,11,17469.65,137671,18141.1,1.395,30.43,85.20485,0,3100.2900390625,0.014582459470752873,0.7166562831830481,-10.598532315869036,22.81232652287528,1.2000000000000002,1
2020-07-01,0.62,0.13,0.44,0.46,3.31,2.14,0.09,258.352,193,95.0037,10.2,20548.793,139255,18298,1.395,24.46,85.20485,0,3271.1201171875,0.04982894109905667,0.9968647625897997,-6.8643222878721595,23.189820581007847,1.17,1
2020-08-01,0.65,0.1,0.58,0.61,3.27,2.25,0.1,259.316,194.3,95.9294,8.4,17469.65,140819,18364.3,1.395,26.41,85.20485,0,3500.31005859375,0.06243529415164728,1.2810698495523853,-6.666575859056212,22.96396981526243,1.02,1
2020-09-01,0.68,0.11,0.56,0.59,3.36,2.31,0.09,259.997,195.5,95.8914,7.8,17469.65,141770,18596.6,1.395,26.37,85.20485,0,3363,-0.04640378457611882,1.3910228912373812,-6.410983397439585,23.718349588195366,1.0499999999999998,0
2020-10-01,0.79,0.1,0.74,0.79,3.44,2.35,0.09,260.319,196.5,96.5256,6.9,20771.691,142461,18751.3,1.395,38.02,85.20485,0,3269.9599609375,-0.03278516513540786,1.2303863428671624,-4.983078676770248,23.629782492599215,1.0899999999999999,0
2020-11-01,0.87,0.09,0.68,0.76,3.3,2.3,0.09,260.911,198.3,96.9529,6.7,17469.65,142731,18979.1,1.395,20.57,85.20485,0,3621.6298828125,0.09406867583521561,1.1757452138405844,-5.087156654860426,24.233974170152315,1,0
2020-12-01,0.93,0.09,0.8,0.84,3.16,2.26,0.09,262.045,200.5,98.2039,6.7,17469.65,142548,19133.2,1.395,22.75,85.20485,0,3756.070068359375,0.02556215605282053,1.3204191315779434,-3.666983513190325,24.662496742246542,0.9000000000000004,0
2021-01-01,1.08,0.08,1,1.05,3.24,2.45,0.09,262.639,204.8,98.8135,6.4,21058.379,142913,19359.7,1.395,33.09,85.20485,0,3714.239990234375,0.003672351681259567,1.3553199782346148,-2.490398392692905,25.5753463753827,0.79,0
2021-02-01,1.26,0.04,1.3,1.4,3.42,2.7,0.08,263.573,210.6,95.5072,6.2,17469.65,143422,19596.7,1.395,27.95,85.20485,0,3811.14990234375,0.009881075042643683,1.667502410800381,-6.063234839945797,26.70007111915691,0.7199999999999998,0
2021-03-01,1.61,0.03,1.58,1.71,3.74,3.04,0.07,264.847,215,98.1929,6.1,17469.65,144246,19823.4,1.395,19.4,85.20485,0,3972.889892578125,0.018214531417035218,2.623645747764214,0.6012950023564168,23.94427840788307,0.7000000000000002,0
2021-04-01,1.64,0.02,1.49,1.64,3.6,2.9,0.07,266.625,217.9,98.3317,6.1,21389.005,144611,20160.7,1.395,18.61,85.20485,0,4181.169921875,0.04012562594941582,4.137373453318349,16.11987076234158,18.55190582036719,0.7000000000000002,0
2021-05-01,1.62,0.02,1.44,1.57,3.62,2.96,0.06,268.404,224.9,99.1867,5.8,17469.65,145032,20427,1.395,16.76,85.20485,0,4204.10986328125,0.0027308931810707815,4.9264665639830785,15.318890185883639,14.415181422026047,0.6600000000000001,0
2021-06-01,1.52,0.04,1.2,1.4,3.44,2.79,0.08,270.71,228.9,99.6483,5.9,17469.65,145828,20474.7,1.395,15.83,85.20485,0,4297.5,0.022717527688955075,5.317418943207719,8.697947629929814,12.863608050228503,0.6499999999999999,1
2021-07-01,1.32,0.05,1.05,1.18,3.24,2.57,0.1,271.965,231.85,100.0668,5.4,21571.421,146759,20628.7,1.395,18.24,85.20485,0,4395.259765625,0.0174353868897148,5.269167647240969,5.3293713823777455,12.737457645644334,0.6700000000000004,1
2021-08-01,1.28,0.05,1.1,1.26,3.24,2.55,0.09,272.752,233.415,100.0412,5.1,17469.65,147246,20811,1.395,16.48,85.20485,0,4522.68017578125,0.030890146405570862,5.181323173271246,4.2862771996906135,13.323132381849568,0.6900000000000004,0
2021-09-01,1.37,0.04,1.24,1.48,3.23,2.53,0.08,273.942,235.678,98.9955,4.7,17469.65,147712,20978.6,1.395,23.14,85.20485,0,4307.5400390625,-0.04786593815917739,5.363523425270289,3.237099468774063,12.80879300517299,0.7000000000000002,0
2021-10-01,1.58,0.05,1.07,1.5,3.35,2.68,0.08,276.528,240.465,100.3542,4.5,21960.388,148569,21142.9,1.395,16.26,85.20485,0,4605.3798828125,0.05699737471392052,6.226591220771449,3.966408911211139,12.754315700778097,0.6699999999999999,0
2021-11-01,1.56,0.05,0.91,1.38,3.28,2.62,0.08,278.824,243.287,101.2684,4.2,17469.65,149206,21316.7,1.395,27.19,85.20485,0,4567,-0.010115574513408943,6.865559520296194,4.451130394242986,12.316706271635658,0.6599999999999997,0
2021-12-01,1.47,0.06,0.79,1.46,3.3,2.65,0.08,280.806,241.338,101.1948,3.9,17469.65,149781,21471,1.395,17.22,85.20485,0,4766.18017578125,0.05609082448365221,7.159457345112474,3.0456020585740484,12.218552045658848,0.6499999999999999,0
2022-01-01,1.76,0.15,0.61,1.57,3.58,2.93,0.08,282.542,246.453,101.2146,4,21903.85,150006,21585.9,1.395,24.83,85.20485,0,4515.5498046875,-0.05858578866385267,7.578082463000535,2.4299311328917605,11.499145131381173,0.6499999999999999,0
2022-02-01,1.93,0.33,0.39,1.48,3.97,3.25,0.08,284.525,252.66,101.8458,3.8,17469.65,150875,21684.2,1.395,30.15,85.20485,0,4373.93994140625,-0.03796295560433249,7.949220898953979,6.636777122562476,10.652303704195099,0.7200000000000002,0
2022-03-01,2.13,0.44,0.04,1.8,4.29,3.43,0.2,287.467,260.014,102.6732,3.7,17469.65,151346,21720.8,1.395,20.56,85.20485,0,4530.41015625,0.052052222305373874,8.540780148538584,4.562753518838947,9.571516490612098,0.8599999999999999,1
2022-04-01,2.75,0.76,0.19,2.04,4.66,3.76,0.33,288.582,265.31,102.9024,3.7,21919.222,151651,21749.6,1.395,33.4,85.20485,0,4131.93017578125,-0.0910564117568774,8.235161744022502,4.64824669969095,7.881174760796994,0.9000000000000004,1
2022-05-01,2.9,0.98,0.32,1.69,5.12,4.13,0.77,291.299,273.251,102.9659,3.6,17469.65,151892,21689.9,1.395,26.19,85.20485,0,4132.14990234375,-0.005590338578870702,8.530051713089225,3.810188261127756,6.182503549224072,0.9900000000000002,1
2022-06-01,3.14,1.49,0.06,1.26,5.27,4.24,1.21,295.072,280.251,102.8224,3.6,17469.65,152353,21642.5,1.395,28.71,85.20485,0,3785.3798828125,-0.07701350549967201,8.999298141923106,3.185302709629756,5.703624473130242,1.0299999999999994,1
2022-07-01,2.9,2.23,-0.22,0.26,5.21,4.06,1.68,294.94,272.274,103.0505,3.5,22066.784,153049,21641.8,1.395,21.33,85.20485,0,4130.2900390625,0.07972121482572225,8.447778206754553,2.9817082189097732,4.911118975020234,1.1500000000000004,1
2022-08-01,2.9,2.63,-0.3,0.19,5.15,4.07,2.33,295.162,269.546,103.1703,3.6,17469.65,153286,21606.6,1.395,25.87,85.20485,0,3955,-0.039729203028256,8.216255059541266,3.1278113417271936,3.8229782326654194,1.08,1
2022-09-01,3.52,3.13,-0.39,0.5,5.69,4.59,2.56,296.421,267.898,103.5326,3.5,17469.65,153513,21520.5,1.395,31.62,85.20485,0,3585.6201171875,-0.09610395429209528,8.205751582451759,4.5831376173664395,2.583108501043929,1.1000000000000005,1
2022-10-01,3.98,3.72,-0.41,-0.12,6.26,5.1,3.08,297.979,265.061,103.4442,3.6,22249.459,153913,21424.7,1.395,25.88,85.20485,0,3871.97998046875,0.0526175711988619,7.757261470809462,3.0790938495847575,1.3328351361449942,1.1600000000000001,1
2022-11-01,3.89,4.15,-0.7,-0.69,6.07,4.9,3.78,298.708,263.157,103.1058,3.6,17469.65,154210,21358,1.395,20.58,85.20485,0,4080.110107421875,0.058092374184419926,7.131380368978291,1.8143863238680558,0.19374481040685954,1.17,1
2022-12-01,3.62,4.25,-0.53,-0.54,5.59,4.43,4.1,298.808,257.897,101.8266,3.5,17469.65,154336,21219.3,1.395,21.67,85.20485,0,3839.5,-0.058154297456926685,6.410831677385809,0.6243403811263093,-1.1722788878021584,1.1600000000000001,1
2023-01-01,3.53,4.54,-0.69,-1.18,5.5,4.4,4.33,300.456,260.227,102.7476,3.5,22403.435,154780,21205.1,1.395,19.4,85.20485,0,4076.60009765625,0.06601751300157677,6.340296309929161,1.5146036243782968,-1.7641145377306655,1.0999999999999996,1
2023-02-01,3.75,4.65,-0.89,-0.96,5.59,4.56,4.57,301.476,258.669,102.8003,3.6,17469.65,155086,21184.6,1.395,20.7,85.20485,0,3970.14990234375,-0.036186564901349416,5.957648712766894,0.9372011413332659,-2.303981700961999,1.0300000000000002,1
2023-03-01,3.66,4.69,-0.58,-1.37,5.71,4.6,4.65,301.643,257.062,102.8143,3.5,17469.65,155171,20876.3,1.395,18.7,85.20485,0,4109.31005859375,0.03996572606318738,4.931348641757127,0.13742631962383456,-3.8879783433391046,1.1100000000000003,1
2023-04-01,3.46,4.92,-0.6,-1.66,5.53,4.47,4.83,302.858,256.908,103.2241,3.4,22539.418,155387,20729.9,1.395,15.78,85.20485,0,4169.47998046875,0.01090316604861652,4.946947488062325,0.3126263333022461,-4.688362084819941,1.0600000000000005,1
2023-05-01,3.57,5.14,-0.76,-1.88,5.77,4.67,5.06,303.316,253.67,102.9809,3.6,17469.65,155614,20801.5,1.395,17.94,85.20485,0,4179.830078125,0.002869561814841548,4.125314539356473,0.01456792977092558,-4.095915610491529,1.0999999999999996,1
2023-06-01,3.75,5.16,-1.06,-1.62,5.75,4.65,5.08,304.099,253.86,102.3809,3.6,17469.65,155871,20782.6,1.395,13.59,85.20485,0,4450.3798828125,0.05433754453188322,3.0592533347792994,-0.4293811465206021,-3.973200877902283,1.0999999999999996,1
2023-07-01,3.9,5.25,-0.91,-1.58,5.74,4.66,5.12,304.615,253.835,103.0722,3.5,22780.933,156019,20772.2,1.395,13.63,85.20485,0,4588.9599609375,0.029933212406115572,3.28032820234625,0.021057636789723055,-4.018150061455139,1.08,1
2023-08-01,4.17,5.3,-0.76,-1.47,6.02,4.95,5.33,306.138,257.68,103.0951,3.7,17469.65,156176,20746.9,1.395,13.57,85.20485,0,4507.66015625,-0.015091522662142198,3.7186358677607556,-0.0728891938862164,-3.978876824673927,1.0699999999999994,1
2023-09-01,4.38,5.32,-0.44,-0.96,6.16,5.13,5.33,307.374,258.934,103.3081,3.8,17469.65,156334,20720.1,1.395,17.52,85.20485,0,4288.0498046875,-0.050427770647936576,3.6950823322234427,-0.2168399132254084,-3.7192444413466252,1.0300000000000002,0
2023-10-01,4.8,5.34,-0.19,-0.71,6.63,5.61,5.33,307.653,255.192,102.5781,3.9,22960.6,156520,20687.3,1.395,18.14,85.20485,0,4193.7998046875,-0.02205730565914077,3.2465375076767167,-0.8372629881617244,-3.4418218224759323,1.0199999999999996,0
2023-11-01,4.5,5.27,-0.36,-1.08,6.29,5.28,5.33,308.087,252.856,102.8868,3.7,17469.65,156661,20696.8,1.395,12.92,85.20485,0,4567.7998046875,0.07785532132975903,3.139855644977696,-0.21240318197425223,-3.0957954864687776,1.0099999999999998,0
2023-12-01,4.02,5.24,-0.35,-1.52,5.64,4.74,5.33,308.735,249.866,102.6309,3.8,17469.65,156930,20701.4,1.395,12.45,85.20485,0,4769.830078125,0.03813151435067397,3.322200208829762,0.7898721944953557,-2.4407025679452077,0.8999999999999995,0
2024-01-01,4.06,5.22,-0.28,-1.43,5.68,4.87,5.33,309.794,251.306,101.483,3.7,23053.545,157049,20773.3,1.395,14.35,85.20485,0,4845.64990234375,0.021679002309818785,3.1079425939238847,-1.230783006123748,-2.0363025875850593,0.8099999999999996,0
2024-02-01,4.21,5.24,-0.39,-1.2,5.77,5.03,5.33,311.022,254.926,102.7267,3.9,17469.65,157271,20861.5,1.395,13.4,85.20485,0,5096.27001953125,0.038742910567078015,3.16642120765831,-0.07159512180411332,-1.525164506292298,0.7399999999999993,0
2024-03-01,4.21,5.24,-0.39,-1.26,5.75,5.01,5.33,312.107,255.095,102.5186,3.9,17469.65,157517,20901.4,1.395,13.01,85.20485,0,5254.35009765625,0.022828147069502647,3.4690014354717524,-0.28760590696040866,0.12023203345421507,0.7400000000000002,0
2024-04-01,4.54,5.24,-0.35,-0.77,6,5.28,5.33,313.016,256.978,102.3568,3.9,23223.906,157635,20932.9,1.395,15.65,85.20485,0,5035.68994140625,-0.03968138902926199,3.3540471111874304,-0.8402107647342061,0.9792618391791574,0.7199999999999998,0
2024-05-01,4.48,5.25,-0.38,-0.95,5.95,5.25,5.33,313.14,255.313,102.9797,4,17469.65,157828,20997.2,1.395,12.92,85.20485,0,5277.509765625,0.05163401446418314,3.238866396761142,-0.0011652646267568123,0.9407975386390488,0.7000000000000002,0
2024-06-01,4.31,5.24,-0.35,-1.12,5.82,5.13,5.33,313.131,255.914,103.2534,4.1,17469.65,157915,21065.6,1.395,12.44,85.20485,0,5460.47998046875,0.03351631173071845,2.9700853998204435,0.8522097383398597,1.3617160509272086,0.6900000000000004,0
2024-07-01,4.25,5.2,-0.2,-1.32,5.84,5.12,5.33,313.566,257.321,102.5192,4.2,23400.294,158003,21098.1,1.395,16.36,85.20485,0,5522.2998046875,0.008622682418881533,2.9384633061405374,-0.536517121008373,1.5689238501458647,0.7199999999999998,0
2024-08-01,3.87,5.05,0,-1.3,5.6,4.87,5.33,314.131,255.463,103.0196,4.2,17469.65,158074,21185.5,1.395,15,85.20485,0,5648.39990234375,0.037035353656241776,2.6109140322338353,-0.07323335444653356,2.11405077385054,0.7299999999999995,0
2024-09-01,3.72,4.72,0.15,-0.92,5.42,4.68,5.13,314.851,252.682,102.5954,4.1,17469.65,158314,21272.1,1.395,16.73,85.20485,0,5762.47998046875,0.042241409687272524,2.432541464144644,-0.6898781412106092,2.6640798065646454,0.7400000000000002,0
2024-10-01,4.1,4.51,0.12,-0.36,5.63,4.95,4.83,315.564,253.081,102.2138,4.1,23542.349,158358,21335.3,1.395,23.16,85.20485,0,5705.4501953125,-5.780257827895374e-4,2.5714034967967203,-0.3551440317182686,3.1323565665891673,0.6799999999999997,0
2024-11-01,4.36,4.42,0.05,-0.4,5.78,5.14,4.64,316.449,253.211,101.9619,4.2,17469.65,158619,21454.2,1.395,13.51,85.20485,0,6032.3798828125,0.052991916016440266,2.7141684004842848,-0.8989491363323499,3.6595029183255523,0.6400000000000006,0
2024-12-01,4.39,4.27,0.33,0.21,5.8,5.2,4.48,317.603,253.434,103.1177,4.1,17469.65,158942,21489.9,1.395,17.35,85.20485,0,5881.6298828125,-0.02737157540399282,2.872366268806581,0.47432108653437943,3.808921135768606,0.5999999999999996,0
2025-01-01,4.63,4.21,0.36,0.27,6.08,5.46,4.33,319.086,257.387,103.3418,4,23526.085,159053,21577,1.395,16.43,85.20485,0,6040.52978515625,0.029305362686260494,2.999412512831112,1.831636825872307,3.868908647157654,0.6200000000000001,0
2025-02-01,4.45,4.22,0.25,-0.08,5.92,5.32,4.33,319.775,259.805,104.2202,4.1,17469.65,159170,21670.5,1.395,19.63,85.20485,0,5954.5,-0.006684353572271928,2.8142703731568686,1.4538576631002664,3.8779570021331145,0.5999999999999996,0
2025-03-01,4.28,4.2,0.34,-0.09,5.93,5.29,4.33,319.615,258.837,103.8892,4.2,17469.65,159398,21762.5,1.395,22.28,85.20485,0,5580.93994140625,-0.04594754339796736,2.4055852640280317,1.336928128164061,4.119819724994489,0.6399999999999997,0
